年份,十年代,尺度,區域,半球,緯度,距平C
1880,1880,全球,全球,全球,999,-0.18
1880,1880,半球,北半球,北,999,-0.30
1880,1880,半球,南半球,南,999,-0.05
1880,1880,寬帶,北緯24-90,北,999,-0.39
1880,1880,寬帶,南北緯24以內,赤道,999,-0.14
1880,1880,寬帶,南緯24-90,南,999,-0.02
1880,1880,緯度帶,北極區64-90N,北,77,-0.79
1880,1880,緯度帶,北高緯44-64N,北,54,-0.50
1880,1880,緯度帶,北中緯24-44N,北,34,-0.31
1880,1880,緯度帶,赤道-24N,北,12,-0.17
1880,1880,緯度帶,24S-赤道,南,-12,-0.12
1880,1880,緯度帶,南中緯24-44S,南,-34,-0.05
1880,1880,緯度帶,南高緯44-64S,南,-54,0.05
1880,1880,緯度帶,南極區64-90S,南,-77,0.70
1881,1880,全球,全球,全球,999,-0.09
1881,1880,半球,北半球,北,999,-0.19
1881,1880,半球,南半球,南,999,-0.01
1881,1880,寬帶,北緯24-90,北,999,-0.35
1881,1880,寬帶,南北緯24以內,赤道,999,0.09
1881,1880,寬帶,南緯24-90,南,999,-0.07
1881,1880,緯度帶,北極區64-90N,北,77,-0.84
1881,1880,緯度帶,北高緯44-64N,北,54,-0.46
1881,1880,緯度帶,北中緯24-44N,北,34,-0.22
1881,1880,緯度帶,赤道-24N,北,12,0.09
1881,1880,緯度帶,24S-赤道,南,-12,0.09
1881,1880,緯度帶,南中緯24-44S,南,-34,-0.06
1881,1880,緯度帶,南高緯44-64S,南,-54,-0.07
1881,1880,緯度帶,南極區64-90S,南,-77,0.62
1882,1880,全球,全球,全球,999,-0.11
1882,1880,半球,北半球,北,999,-0.22
1882,1880,半球,南半球,南,999,-0.02
1882,1880,寬帶,北緯24-90,北,999,-0.31
1882,1880,寬帶,南北緯24以內,赤道,999,-0.06
1882,1880,寬帶,南緯24-90,南,999,0.01
1882,1880,緯度帶,北極區64-90N,北,77,-1.34
1882,1880,緯度帶,北高緯44-64N,北,54,-0.27
1882,1880,緯度帶,北中緯24-44N,北,34,-0.16
1882,1880,緯度帶,赤道-24N,北,12,-0.07
1882,1880,緯度帶,24S-赤道,南,-12,-0.06
1882,1880,緯度帶,南中緯24-44S,南,-34,0.01
1882,1880,緯度帶,南高緯44-64S,南,-54,0.04
1882,1880,緯度帶,南極區64-90S,南,-77,0.65
1883,1880,全球,全球,全球,999,-0.18
1883,1880,半球,北半球,北,999,-0.29
1883,1880,半球,南半球,南,999,-0.07
1883,1880,寬帶,北緯24-90,北,999,-0.34
1883,1880,寬帶,南北緯24以內,赤道,999,-0.18
1883,1880,寬帶,南緯24-90,南,999,-0.01
1883,1880,緯度帶,北極區64-90N,北,77,-0.12
1883,1880,緯度帶,北高緯44-64N,北,54,-0.55
1883,1880,緯度帶,北中緯24-44N,北,34,-0.28
1883,1880,緯度帶,赤道-24N,北,12,-0.19
1883,1880,緯度帶,24S-赤道,南,-12,-0.16
1883,1880,緯度帶,南中緯24-44S,南,-34,-0.04
1883,1880,緯度帶,南高緯44-64S,南,-54,0.07
1883,1880,緯度帶,南極區64-90S,南,-77,0.52
1884,1880,全球,全球,全球,999,-0.28
1884,1880,半球,北半球,北,999,-0.43
1884,1880,半球,南半球,南,999,-0.15
1884,1880,寬帶,北緯24-90,北,999,-0.60
1884,1880,寬帶,南北緯24以內,赤道,999,-0.16
1884,1880,寬帶,南緯24-90,南,999,-0.14
1884,1880,緯度帶,北極區64-90N,北,77,-1.25
1884,1880,緯度帶,北高緯44-64N,北,54,-0.64
1884,1880,緯度帶,北中緯24-44N,北,34,-0.47
1884,1880,緯度帶,赤道-24N,北,12,-0.14
1884,1880,緯度帶,24S-赤道,南,-12,-0.18
1884,1880,緯度帶,南中緯24-44S,南,-34,-0.19
1884,1880,緯度帶,南高緯44-64S,南,-54,-0.02
1884,1880,緯度帶,南極區64-90S,南,-77,0.67
1885,1880,全球,全球,全球,999,-0.34
1885,1880,半球,北半球,北,999,-0.44
1885,1880,半球,南半球,南,999,-0.25
1885,1880,寬帶,北緯24-90,北,999,-0.65
1885,1880,寬帶,南北緯24以內,赤道,999,-0.15
1885,1880,寬帶,南緯24-90,南,999,-0.27
1885,1880,緯度帶,北極區64-90N,北,77,-1.45
1885,1880,緯度帶,北高緯44-64N,北,54,-0.68
1885,1880,緯度帶,北中緯24-44N,北,34,-0.47
1885,1880,緯度帶,赤道-24N,北,12,-0.08
1885,1880,緯度帶,24S-赤道,南,-12,-0.21
1885,1880,緯度帶,南中緯24-44S,南,-34,-0.33
1885,1880,緯度帶,南高緯44-64S,南,-54,-0.15
1885,1880,緯度帶,南極區64-90S,南,-77,0.85
1886,1880,全球,全球,全球,999,-0.32
1886,1880,半球,北半球,北,999,-0.44
1886,1880,半球,南半球,南,999,-0.20
1886,1880,寬帶,北緯24-90,北,999,-0.56
1886,1880,寬帶,南北緯24以內,赤道,999,-0.21
1886,1880,寬帶,南緯24-90,南,999,-0.21
1886,1880,緯度帶,北極區64-90N,北,77,-1.53
1886,1880,緯度帶,北高緯44-64N,北,54,-0.50
1886,1880,緯度帶,北中緯24-44N,北,34,-0.41
1886,1880,緯度帶,赤道-24N,北,12,-0.23
1886,1880,緯度帶,24S-赤道,南,-12,-0.19
1886,1880,緯度帶,南中緯24-44S,南,-34,-0.20
1886,1880,緯度帶,南高緯44-64S,南,-54,-0.20
1886,1880,緯度帶,南極區64-90S,南,-77,0.62
1887,1880,全球,全球,全球,999,-0.36
1887,1880,半球,北半球,北,999,-0.44
1887,1880,半球,南半球,南,999,-0.29
1887,1880,寬帶,北緯24-90,北,999,-0.52
1887,1880,寬帶,南北緯24以內,赤道,999,-0.31
1887,1880,寬帶,南緯24-90,南,999,-0.28
1887,1880,緯度帶,北極區64-90N,北,77,-1.71
1887,1880,緯度帶,北高緯44-64N,北,54,-0.50
1887,1880,緯度帶,北中緯24-44N,北,34,-0.30
1887,1880,緯度帶,赤道-24N,北,12,-0.31
1887,1880,緯度帶,24S-赤道,南,-12,-0.31
1887,1880,緯度帶,南中緯24-44S,南,-34,-0.28
1887,1880,緯度帶,南高緯44-64S,南,-54,-0.26
1887,1880,緯度帶,南極區64-90S,南,-77,0.34
1888,1880,全球,全球,全球,999,-0.18
1888,1880,半球,北半球,北,999,-0.24
1888,1880,半球,南半球,南,999,-0.12
1888,1880,寬帶,北緯24-90,北,999,-0.42
1888,1880,寬帶,南北緯24以內,赤道,999,0.09
1888,1880,寬帶,南緯24-90,南,999,-0.29
1888,1880,緯度帶,北極區64-90N,北,77,-1.25
1888,1880,緯度帶,北高緯44-64N,北,54,-0.44
1888,1880,緯度帶,北中緯24-44N,北,34,-0.25
1888,1880,緯度帶,赤道-24N,北,12,0.05
1888,1880,緯度帶,24S-赤道,南,-12,0.13
1888,1880,緯度帶,南中緯24-44S,南,-34,-0.31
1888,1880,緯度帶,南高緯44-64S,南,-54,-0.22
1888,1880,緯度帶,南極區64-90S,南,-77,0.18
1889,1880,全球,全球,全球,999,-0.11
1889,1880,半球,北半球,北,999,-0.18
1889,1880,半球,南半球,南,999,-0.04
1889,1880,寬帶,北緯24-90,北,999,-0.29
1889,1880,寬帶,南北緯24以內,赤道,999,0.06
1889,1880,寬帶,南緯24-90,南,999,-0.16
1889,1880,緯度帶,北極區64-90N,北,77,-0.63
1889,1880,緯度帶,北高緯44-64N,北,54,-0.23
1889,1880,緯度帶,北中緯24-44N,北,34,-0.28
1889,1880,緯度帶,赤道-24N,北,12,-0.01
1889,1880,緯度帶,24S-赤道,南,-12,0.13
1889,1880,緯度帶,南中緯24-44S,南,-34,-0.15
1889,1880,緯度帶,南高緯44-64S,南,-54,-0.15
1889,1880,緯度帶,南極區64-90S,南,-77,0.47
1890,1890,全球,全球,全球,999,-0.36
1890,1890,半球,北半球,北,999,-0.39
1890,1890,半球,南半球,南,999,-0.33
1890,1890,寬帶,北緯24-90,北,999,-0.45
1890,1890,寬帶,南北緯24以內,赤道,999,-0.38
1890,1890,寬帶,南緯24-90,南,999,-0.22
1890,1890,緯度帶,北極區64-90N,北,77,-1.09
1890,1890,緯度帶,北高緯44-64N,北,54,-0.56
1890,1890,緯度帶,北中緯24-44N,北,34,-0.28
1890,1890,緯度帶,赤道-24N,北,12,-0.29
1890,1890,緯度帶,24S-赤道,南,-12,-0.48
1890,1890,緯度帶,南中緯24-44S,南,-34,-0.18
1890,1890,緯度帶,南高緯44-64S,南,-54,-0.27
1890,1890,緯度帶,南極區64-90S,南,-77,0.18
1891,1890,全球,全球,全球,999,-0.23
1891,1890,半球,北半球,北,999,-0.26
1891,1890,半球,南半球,南,999,-0.20
1891,1890,寬帶,北緯24-90,北,999,-0.41
1891,1890,寬帶,南北緯24以內,赤道,999,-0.09
1891,1890,寬帶,南緯24-90,南,999,-0.21
1891,1890,緯度帶,北極區64-90N,北,77,-1.05
1891,1890,緯度帶,北高緯44-64N,北,54,-0.33
1891,1890,緯度帶,北中緯24-44N,北,34,-0.36
1891,1890,緯度帶,赤道-24N,北,12,-0.02
1891,1890,緯度帶,24S-赤道,南,-12,-0.17
1891,1890,緯度帶,南中緯24-44S,南,-34,-0.18
1891,1890,緯度帶,南高緯44-64S,南,-54,-0.24
1891,1890,緯度帶,南極區64-90S,南,-77,-0.13
1892,1890,全球,全球,全球,999,-0.27
1892,1890,半球,北半球,北,999,-0.40
1892,1890,半球,南半球,南,999,-0.15
1892,1890,寬帶,北緯24-90,北,999,-0.42
1892,1890,寬帶,南北緯24以內,赤道,999,-0.31
1892,1890,寬帶,南緯24-90,南,999,-0.08
1892,1890,緯度帶,北極區64-90N,北,77,-1.07
1892,1890,緯度帶,北高緯44-64N,北,54,-0.65
1892,1890,緯度帶,北中緯24-44N,北,34,-0.17
1892,1890,緯度帶,赤道-24N,北,12,-0.36
1892,1890,緯度帶,24S-赤道,南,-12,-0.27
1892,1890,緯度帶,南中緯24-44S,南,-34,0.02
1892,1890,緯度帶,南高緯44-64S,南,-54,-0.21
1892,1890,緯度帶,南極區64-90S,南,-77,0.11
1893,1890,全球,全球,全球,999,-0.31
1893,1890,半球,北半球,北,999,-0.47
1893,1890,半球,南半球,南,999,-0.15
1893,1890,寬帶,北緯24-90,北,999,-0.50
1893,1890,寬帶,南北緯24以內,赤道,999,-0.38
1893,1890,寬帶,南緯24-90,南,999,-0.04
1893,1890,緯度帶,北極區64-90N,北,77,-0.61
1893,1890,緯度帶,北高緯44-64N,北,54,-0.54
1893,1890,緯度帶,北中緯24-44N,北,34,-0.47
1893,1890,緯度帶,赤道-24N,北,12,-0.44
1893,1890,緯度帶,24S-赤道,南,-12,-0.31
1893,1890,緯度帶,南中緯24-44S,南,-34,0.07
1893,1890,緯度帶,南高緯44-64S,南,-54,-0.20
1893,1890,緯度帶,南極區64-90S,南,-77,-0.02
1894,1890,全球,全球,全球,999,-0.30
1894,1890,半球,北半球,北,999,-0.39
1894,1890,半球,南半球,南,999,-0.22
1894,1890,寬帶,北緯24-90,北,999,-0.32
1894,1890,寬帶,南北緯24以內,赤道,999,-0.35
1894,1890,寬帶,南緯24-90,南,999,-0.23
1894,1890,緯度帶,北極區64-90N,北,77,-0.91
1894,1890,緯度帶,北高緯44-64N,北,54,-0.32
1894,1890,緯度帶,北中緯24-44N,北,34,-0.18
1894,1890,緯度帶,赤道-24N,北,12,-0.50
1894,1890,緯度帶,24S-赤道,南,-12,-0.20
1894,1890,緯度帶,南中緯24-44S,南,-34,-0.14
1894,1890,緯度帶,南高緯44-64S,南,-54,-0.35
1894,1890,緯度帶,南極區64-90S,南,-77,-0.35
1895,1890,全球,全球,全球,999,-0.23
1895,1890,半球,北半球,北,999,-0.31
1895,1890,半球,南半球,南,999,-0.15
1895,1890,寬帶,北緯24-90,北,999,-0.39
1895,1890,寬帶,南北緯24以內,赤道,999,-0.09
1895,1890,寬帶,南緯24-90,南,999,-0.25
1895,1890,緯度帶,北極區64-90N,北,77,-0.65
1895,1890,緯度帶,北高緯44-64N,北,54,-0.52
1895,1890,緯度帶,北中緯24-44N,北,34,-0.26
1895,1890,緯度帶,赤道-24N,北,12,-0.16
1895,1890,緯度帶,24S-赤道,南,-12,-0.01
1895,1890,緯度帶,南中緯24-44S,南,-34,-0.19
1895,1890,緯度帶,南高緯44-64S,南,-54,-0.32
1895,1890,緯度帶,南極區64-90S,南,-77,-0.56
1896,1890,全球,全球,全球,999,-0.12
1896,1890,半球,北半球,北,999,-0.20
1896,1890,半球,南半球,南,999,-0.03
1896,1890,寬帶,北緯24-90,北,999,-0.34
1896,1890,寬帶,南北緯24以內,赤道,999,0.08
1896,1890,寬帶,南緯24-90,南,999,-0.15
1896,1890,緯度帶,北極區64-90N,北,77,-0.85
1896,1890,緯度帶,北高緯44-64N,北,54,-0.37
1896,1890,緯度帶,北中緯24-44N,北,34,-0.21
1896,1890,緯度帶,赤道-24N,北,12,0.02
1896,1890,緯度帶,24S-赤道,南,-12,0.13
1896,1890,緯度帶,南中緯24-44S,南,-34,-0.15
1896,1890,緯度帶,南高緯44-64S,南,-54,-0.13
1896,1890,緯度帶,南極區64-90S,南,-77,0.28
1897,1890,全球,全球,全球,999,-0.11
1897,1890,半球,北半球,北,999,-0.17
1897,1890,半球,南半球,南,999,-0.05
1897,1890,寬帶,北緯24-90,北,999,-0.35
1897,1890,寬帶,南北緯24以內,赤道,999,0.15
1897,1890,寬帶,南緯24-90,南,999,-0.23
1897,1890,緯度帶,北極區64-90N,北,77,-0.53
1897,1890,緯度帶,北高緯44-64N,北,54,-0.46
1897,1890,緯度帶,北中緯24-44N,北,34,-0.24
1897,1890,緯度帶,赤道-24N,北,12,0.11
1897,1890,緯度帶,24S-赤道,南,-12,0.19
1897,1890,緯度帶,南中緯24-44S,南,-34,-0.19
1897,1890,緯度帶,南高緯44-64S,南,-54,-0.27
1897,1890,緯度帶,南極區64-90S,南,-77,0.43
1898,1890,全球,全球,全球,999,-0.28
1898,1890,半球,北半球,北,999,-0.29
1898,1890,半球,南半球,南,999,-0.26
1898,1890,寬帶,北緯24-90,北,999,-0.35
1898,1890,寬帶,南北緯24以內,赤道,999,-0.24
1898,1890,寬帶,南緯24-90,南,999,-0.26
1898,1890,緯度帶,北極區64-90N,北,77,-1.14
1898,1890,緯度帶,北高緯44-64N,北,54,-0.24
1898,1890,緯度帶,北中緯24-44N,北,34,-0.23
1898,1890,緯度帶,赤道-24N,北,12,-0.21
1898,1890,緯度帶,24S-赤道,南,-12,-0.27
1898,1890,緯度帶,南中緯24-44S,南,-34,-0.27
1898,1890,緯度帶,南高緯44-64S,南,-54,-0.21
1898,1890,緯度帶,南極區64-90S,南,-77,0.40
1899,1890,全球,全球,全球,999,-0.18
1899,1890,半球,北半球,北,999,-0.21
1899,1890,半球,南半球,南,999,-0.14
1899,1890,寬帶,北緯24-90,北,999,-0.23
1899,1890,寬帶,南北緯24以內,赤道,999,-0.13
1899,1890,寬帶,南緯24-90,南,999,-0.18
1899,1890,緯度帶,北極區64-90N,北,77,-0.99
1899,1890,緯度帶,北高緯44-64N,北,54,-0.09
1899,1890,緯度帶,北中緯24-44N,北,34,-0.14
1899,1890,緯度帶,赤道-24N,北,12,-0.18
1899,1890,緯度帶,24S-赤道,南,-12,-0.09
1899,1890,緯度帶,南中緯24-44S,南,-34,-0.15
1899,1890,緯度帶,南高緯44-64S,南,-54,-0.22
1899,1890,緯度帶,南極區64-90S,南,-77,0.61
1900,1900,全球,全球,全球,999,-0.09
1900,1900,半球,北半球,北,999,-0.10
1900,1900,半球,南半球,南,999,-0.07
1900,1900,寬帶,北緯24-90,北,999,-0.20
1900,1900,寬帶,南北緯24以內,赤道,999,0.15
1900,1900,寬帶,南緯24-90,南,999,-0.30
1900,1900,緯度帶,北極區64-90N,北,77,-0.51
1900,1900,緯度帶,北高緯44-64N,北,54,-0.16
1900,1900,緯度帶,北中緯24-44N,北,34,-0.15
1900,1900,緯度帶,赤道-24N,北,12,0.07
1900,1900,緯度帶,24S-赤道,南,-12,0.24
1900,1900,緯度帶,南中緯24-44S,南,-34,-0.28
1900,1900,緯度帶,南高緯44-64S,南,-54,-0.29
1900,1900,緯度帶,南極區64-90S,南,-77,0.30
1901,1900,全球,全球,全球,999,-0.15
1901,1900,半球,北半球,北,999,-0.12
1901,1900,半球,南半球,南,999,-0.18
1901,1900,寬帶,北緯24-90,北,999,-0.15
1901,1900,寬帶,南北緯24以內,赤道,999,-0.05
1901,1900,寬帶,南緯24-90,南,999,-0.30
1901,1900,緯度帶,北極區64-90N,北,77,-0.31
1901,1900,緯度帶,北高緯44-64N,北,54,-0.10
1901,1900,緯度帶,北中緯24-44N,北,34,-0.15
1901,1900,緯度帶,赤道-24N,北,12,-0.08
1901,1900,緯度帶,24S-赤道,南,-12,-0.02
1901,1900,緯度帶,南中緯24-44S,南,-34,-0.27
1901,1900,緯度帶,南高緯44-64S,南,-54,-0.33
1901,1900,緯度帶,南極區64-90S,南,-77,0.29
1902,1900,全球,全球,全球,999,-0.28
1902,1900,半球,北半球,北,999,-0.34
1902,1900,半球,南半球,南,999,-0.22
1902,1900,寬帶,北緯24-90,北,999,-0.53
1902,1900,寬帶,南北緯24以內,赤道,999,-0.05
1902,1900,寬帶,南緯24-90,南,999,-0.34
1902,1900,緯度帶,北極區64-90N,北,77,-1.47
1902,1900,緯度帶,北高緯44-64N,北,54,-0.50
1902,1900,緯度帶,北中緯24-44N,北,34,-0.32
1902,1900,緯度帶,赤道-24N,北,12,-0.04
1902,1900,緯度帶,24S-赤道,南,-12,-0.06
1902,1900,緯度帶,南中緯24-44S,南,-34,-0.28
1902,1900,緯度帶,南高緯44-64S,南,-54,-0.43
1902,1900,緯度帶,南極區64-90S,南,-77,-0.02
1903,1900,全球,全球,全球,999,-0.37
1903,1900,半球,北半球,北,999,-0.38
1903,1900,半球,南半球,南,999,-0.37
1903,1900,寬帶,北緯24-90,北,999,-0.45
1903,1900,寬帶,南北緯24以內,赤道,999,-0.30
1903,1900,寬帶,南緯24-90,南,999,-0.38
1903,1900,緯度帶,北極區64-90N,北,77,-0.18
1903,1900,緯度帶,北高緯44-64N,北,54,-0.41
1903,1900,緯度帶,北中緯24-44N,北,34,-0.56
1903,1900,緯度帶,赤道-24N,北,12,-0.26
1903,1900,緯度帶,24S-赤道,南,-12,-0.34
1903,1900,緯度帶,南中緯24-44S,南,-34,-0.35
1903,1900,緯度帶,南高緯44-64S,南,-54,-0.40
1903,1900,緯度帶,南極區64-90S,南,-77,-0.48
1904,1900,全球,全球,全球,999,-0.48
1904,1900,半球,北半球,北,999,-0.49
1904,1900,半球,南半球,南,999,-0.46
1904,1900,寬帶,北緯24-90,北,999,-0.51
1904,1900,寬帶,南北緯24以內,赤道,999,-0.48
1904,1900,寬帶,南緯24-90,南,999,-0.44
1904,1900,緯度帶,北極區64-90N,北,77,-0.17
1904,1900,緯度帶,北高緯44-64N,北,54,-0.60
1904,1900,緯度帶,北中緯24-44N,北,34,-0.55
1904,1900,緯度帶,赤道-24N,北,12,-0.46
1904,1900,緯度帶,24S-赤道,南,-12,-0.51
1904,1900,緯度帶,南中緯24-44S,南,-34,-0.37
1904,1900,緯度帶,南高緯44-64S,南,-54,-0.49
1904,1900,緯度帶,南極區64-90S,南,-77,-1.31
1905,1900,全球,全球,全球,999,-0.27
1905,1900,半球,北半球,北,999,-0.29
1905,1900,半球,南半球,南,999,-0.23
1905,1900,寬帶,北緯24-90,北,999,-0.39
1905,1900,寬帶,南北緯24以內,赤道,999,-0.10
1905,1900,寬帶,南緯24-90,南,999,-0.35
1905,1900,緯度帶,北極區64-90N,北,77,0.00
1905,1900,緯度帶,北高緯44-64N,北,54,-0.23
1905,1900,緯度帶,北中緯24-44N,北,34,-0.62
1905,1900,緯度帶,赤道-24N,北,12,-0.13
1905,1900,緯度帶,24S-赤道,南,-12,-0.07
1905,1900,緯度帶,南中緯24-44S,南,-34,-0.33
1905,1900,緯度帶,南高緯44-64S,南,-54,-0.37
1905,1900,緯度帶,南極區64-90S,南,-77,-0.32
1906,1900,全球,全球,全球,999,-0.23
1906,1900,半球,北半球,北,999,-0.23
1906,1900,半球,南半球,南,999,-0.22
1906,1900,寬帶,北緯24-90,北,999,-0.24
1906,1900,寬帶,南北緯24以內,赤道,999,-0.21
1906,1900,寬帶,南緯24-90,南,999,-0.23
1906,1900,緯度帶,北極區64-90N,北,77,-0.23
1906,1900,緯度帶,北高緯44-64N,北,54,-0.06
1906,1900,緯度帶,北中緯24-44N,北,34,-0.38
1906,1900,緯度帶,赤道-24N,北,12,-0.22
1906,1900,緯度帶,24S-赤道,南,-12,-0.20
1906,1900,緯度帶,南中緯24-44S,南,-34,-0.20
1906,1900,緯度帶,南高緯44-64S,南,-54,-0.22
1906,1900,緯度帶,南極區64-90S,南,-77,-0.70
1907,1900,全球,全球,全球,999,-0.39
1907,1900,半球,北半球,北,999,-0.47
1907,1900,半球,南半球,南,999,-0.31
1907,1900,寬帶,北緯24-90,北,999,-0.58
1907,1900,寬帶,南北緯24以內,赤道,999,-0.32
1907,1900,寬帶,南緯24-90,南,999,-0.29
1907,1900,緯度帶,北極區64-90N,北,77,-0.54
1907,1900,緯度帶,北高緯44-64N,北,54,-0.72
1907,1900,緯度帶,北中緯24-44N,北,34,-0.51
1907,1900,緯度帶,赤道-24N,北,12,-0.31
1907,1900,緯度帶,24S-赤道,南,-12,-0.33
1907,1900,緯度帶,南中緯24-44S,南,-34,-0.21
1907,1900,緯度帶,南高緯44-64S,南,-54,-0.37
1907,1900,緯度帶,南極區64-90S,南,-77,-1.19
1908,1900,全球,全球,全球,999,-0.43
1908,1900,半球,北半球,北,999,-0.45
1908,1900,半球,南半球,南,999,-0.41
1908,1900,寬帶,北緯24-90,北,999,-0.47
1908,1900,寬帶,南北緯24以內,赤道,999,-0.46
1908,1900,寬帶,南緯24-90,南,999,-0.36
1908,1900,緯度帶,北極區64-90N,北,77,-0.20
1908,1900,緯度帶,北高緯44-64N,北,54,-0.54
1908,1900,緯度帶,北中緯24-44N,北,34,-0.50
1908,1900,緯度帶,赤道-24N,北,12,-0.44
1908,1900,緯度帶,24S-赤道,南,-12,-0.48
1908,1900,緯度帶,南中緯24-44S,南,-34,-0.29
1908,1900,緯度帶,南高緯44-64S,南,-54,-0.48
1908,1900,緯度帶,南極區64-90S,南,-77,0.69
1909,1900,全球,全球,全球,999,-0.49
1909,1900,半球,北半球,北,999,-0.50
1909,1900,半球,南半球,南,999,-0.49
1909,1900,寬帶,北緯24-90,北,999,-0.52
1909,1900,寬帶,南北緯24以內,赤道,999,-0.50
1909,1900,寬帶,南緯24-90,南,999,-0.44
1909,1900,緯度帶,北極區64-90N,北,77,-0.69
1909,1900,緯度帶,北高緯44-64N,北,54,-0.62
1909,1900,緯度帶,北中緯24-44N,北,34,-0.43
1909,1900,緯度帶,赤道-24N,北,12,-0.46
1909,1900,緯度帶,24S-赤道,南,-12,-0.55
1909,1900,緯度帶,南中緯24-44S,南,-34,-0.37
1909,1900,緯度帶,南高緯44-64S,南,-54,-0.52
1909,1900,緯度帶,南極區64-90S,南,-77,-0.56
1910,1910,全球,全球,全球,999,-0.44
1910,1910,半球,北半球,北,999,-0.45
1910,1910,半球,南半球,南,999,-0.44
1910,1910,寬帶,北緯24-90,北,999,-0.41
1910,1910,寬帶,南北緯24以內,赤道,999,-0.51
1910,1910,寬帶,南緯24-90,南,999,-0.38
1910,1910,緯度帶,北極區64-90N,北,77,-0.58
1910,1910,緯度帶,北高緯44-64N,北,54,-0.24
1910,1910,緯度帶,北中緯24-44N,北,34,-0.48
1910,1910,緯度帶,赤道-24N,北,12,-0.51
1910,1910,緯度帶,24S-赤道,南,-12,-0.52
1910,1910,緯度帶,南中緯24-44S,南,-34,-0.33
1910,1910,緯度帶,南高緯44-64S,南,-54,-0.45
1910,1910,緯度帶,南極區64-90S,南,-77,0.17
1911,1910,全球,全球,全球,999,-0.45
1911,1910,半球,北半球,北,999,-0.42
1911,1910,半球,南半球,南,999,-0.47
1911,1910,寬帶,北緯24-90,北,999,-0.41
1911,1910,寬帶,南北緯24以內,赤道,999,-0.45
1911,1910,寬帶,南緯24-90,南,999,-0.48
1911,1910,緯度帶,北極區64-90N,北,77,-0.25
1911,1910,緯度帶,北高緯44-64N,北,54,-0.41
1911,1910,緯度帶,北中緯24-44N,北,34,-0.46
1911,1910,緯度帶,赤道-24N,北,12,-0.45
1911,1910,緯度帶,24S-赤道,南,-12,-0.46
1911,1910,緯度帶,南中緯24-44S,南,-34,-0.44
1911,1910,緯度帶,南高緯44-64S,南,-54,-0.52
1911,1910,緯度帶,南極區64-90S,南,-77,0.06
1912,1910,全球,全球,全球,999,-0.37
1912,1910,半球,北半球,北,999,-0.47
1912,1910,半球,南半球,南,999,-0.26
1912,1910,寬帶,北緯24-90,北,999,-0.59
1912,1910,寬帶,南北緯24以內,赤道,999,-0.22
1912,1910,寬帶,南緯24-90,南,999,-0.36
1912,1910,緯度帶,北極區64-90N,北,77,-0.48
1912,1910,緯度帶,北高緯44-64N,北,54,-0.79
1912,1910,緯度帶,北中緯24-44N,北,34,-0.49
1912,1910,緯度帶,赤道-24N,北,12,-0.30
1912,1910,緯度帶,24S-赤道,南,-12,-0.13
1912,1910,緯度帶,南中緯24-44S,南,-34,-0.37
1912,1910,緯度帶,南高緯44-64S,南,-54,-0.29
1912,1910,緯度帶,南極區64-90S,南,-77,-1.62
1913,1910,全球,全球,全球,999,-0.35
1913,1910,半球,北半球,北,999,-0.42
1913,1910,半球,南半球,南,999,-0.28
1913,1910,寬帶,北緯24-90,北,999,-0.43
1913,1910,寬帶,南北緯24以內,赤道,999,-0.30
1913,1910,寬帶,南緯24-90,南,999,-0.35
1913,1910,緯度帶,北極區64-90N,北,77,-0.45
1913,1910,緯度帶,北高緯44-64N,北,54,-0.33
1913,1910,緯度帶,北中緯24-44N,北,34,-0.50
1913,1910,緯度帶,赤道-24N,北,12,-0.42
1913,1910,緯度帶,24S-赤道,南,-12,-0.18
1913,1910,緯度帶,南中緯24-44S,南,-34,-0.28
1913,1910,緯度帶,南高緯44-64S,南,-54,-0.40
1913,1910,緯度帶,南極區64-90S,南,-77,-1.03
1914,1910,全球,全球,全球,999,-0.16
1914,1910,半球,北半球,北,999,-0.19
1914,1910,半球,南半球,南,999,-0.13
1914,1910,寬帶,北緯24-90,北,999,-0.24
1914,1910,寬帶,南北緯24以內,赤道,999,-0.10
1914,1910,寬帶,南緯24-90,南,999,-0.17
1914,1910,緯度帶,北極區64-90N,北,77,-0.32
1914,1910,緯度帶,北高緯44-64N,北,54,-0.16
1914,1910,緯度帶,北中緯24-44N,北,34,-0.28
1914,1910,緯度帶,赤道-24N,北,12,-0.13
1914,1910,緯度帶,24S-赤道,南,-12,-0.07
1914,1910,緯度帶,南中緯24-44S,南,-34,-0.15
1914,1910,緯度帶,南高緯44-64S,南,-54,-0.18
1914,1910,緯度帶,南極區64-90S,南,-77,-0.35
1915,1910,全球,全球,全球,999,-0.15
1915,1910,半球,北半球,北,999,-0.14
1915,1910,半球,南半球,南,999,-0.15
1915,1910,寬帶,北緯24-90,北,999,-0.22
1915,1910,寬帶,南北緯24以內,赤道,999,-0.04
1915,1910,寬帶,南緯24-90,南,999,-0.22
1915,1910,緯度帶,北極區64-90N,北,77,-0.56
1915,1910,緯度帶,北高緯44-64N,北,54,-0.16
1915,1910,緯度帶,北中緯24-44N,北,34,-0.18
1915,1910,緯度帶,赤道-24N,北,12,-0.02
1915,1910,緯度帶,24S-赤道,南,-12,-0.05
1915,1910,緯度帶,南中緯24-44S,南,-34,-0.15
1915,1910,緯度帶,南高緯44-64S,南,-54,-0.23
1915,1910,緯度帶,南極區64-90S,南,-77,-1.97
1916,1910,全球,全球,全球,999,-0.36
1916,1910,半球,北半球,北,999,-0.42
1916,1910,半球,南半球,南,999,-0.32
1916,1910,寬帶,北緯24-90,北,999,-0.36
1916,1910,寬帶,南北緯24以內,赤道,999,-0.47
1916,1910,寬帶,南緯24-90,南,999,-0.23
1916,1910,緯度帶,北極區64-90N,北,77,-0.48
1916,1910,緯度帶,北高緯44-64N,北,54,-0.54
1916,1910,緯度帶,北中緯24-44N,北,34,-0.23
1916,1910,緯度帶,赤道-24N,北,12,-0.51
1916,1910,緯度帶,24S-赤道,南,-12,-0.43
1916,1910,緯度帶,南中緯24-44S,南,-34,-0.23
1916,1910,緯度帶,南高緯44-64S,南,-54,-0.17
1916,1910,緯度帶,南極區64-90S,南,-77,-1.04
1917,1910,全球,全球,全球,999,-0.46
1917,1910,半球,北半球,北,999,-0.57
1917,1910,半球,南半球,南,999,-0.37
1917,1910,寬帶,北緯24-90,北,999,-0.49
1917,1910,寬帶,南北緯24以內,赤道,999,-0.65
1917,1910,寬帶,南緯24-90,南,999,-0.19
1917,1910,緯度帶,北極區64-90N,北,77,-0.77
1917,1910,緯度帶,北高緯44-64N,北,54,-0.50
1917,1910,緯度帶,北中緯24-44N,北,34,-0.42
1917,1910,緯度帶,赤道-24N,北,12,-0.70
1917,1910,緯度帶,24S-赤道,南,-12,-0.60
1917,1910,緯度帶,南中緯24-44S,南,-34,-0.23
1917,1910,緯度帶,南高緯44-64S,南,-54,-0.09
1917,1910,緯度帶,南極區64-90S,南,-77,0.07
1918,1910,全球,全球,全球,999,-0.30
1918,1910,半球,北半球,北,999,-0.40
1918,1910,半球,南半球,南,999,-0.21
1918,1910,寬帶,北緯24-90,北,999,-0.40
1918,1910,寬帶,南北緯24以內,赤道,999,-0.36
1918,1910,寬帶,南緯24-90,南,999,-0.14
1918,1910,緯度帶,北極區64-90N,北,77,-0.97
1918,1910,緯度帶,北高緯44-64N,北,54,-0.27
1918,1910,緯度帶,北中緯24-44N,北,34,-0.34
1918,1910,緯度帶,赤道-24N,北,12,-0.40
1918,1910,緯度帶,24S-赤道,南,-12,-0.32
1918,1910,緯度帶,南中緯24-44S,南,-34,-0.06
1918,1910,緯度帶,南高緯44-64S,南,-54,-0.23
1918,1910,緯度帶,南極區64-90S,南,-77,-0.27
1919,1910,全球,全球,全球,999,-0.28
1919,1910,半球,北半球,北,999,-0.35
1919,1910,半球,南半球,南,999,-0.21
1919,1910,寬帶,北緯24-90,北,999,-0.42
1919,1910,寬帶,南北緯24以內,赤道,999,-0.22
1919,1910,寬帶,南緯24-90,南,999,-0.22
1919,1910,緯度帶,北極區64-90N,北,77,-0.66
1919,1910,緯度帶,北高緯44-64N,北,54,-0.55
1919,1910,緯度帶,北中緯24-44N,北,34,-0.29
1919,1910,緯度帶,赤道-24N,北,12,-0.24
1919,1910,緯度帶,24S-赤道,南,-12,-0.20
1919,1910,緯度帶,南中緯24-44S,南,-34,-0.15
1919,1910,緯度帶,南高緯44-64S,南,-54,-0.32
1919,1910,緯度帶,南極區64-90S,南,-77,0.21
1920,1920,全球,全球,全球,999,-0.28
1920,1920,半球,北半球,北,999,-0.30
1920,1920,半球,南半球,南,999,-0.25
1920,1920,寬帶,北緯24-90,北,999,-0.24
1920,1920,寬帶,南北緯24以內,赤道,999,-0.28
1920,1920,寬帶,南緯24-90,南,999,-0.32
1920,1920,緯度帶,北極區64-90N,北,77,0.01
1920,1920,緯度帶,北高緯44-64N,北,54,-0.20
1920,1920,緯度帶,北中緯24-44N,北,34,-0.34
1920,1920,緯度帶,赤道-24N,北,12,-0.39
1920,1920,緯度帶,24S-赤道,南,-12,-0.16
1920,1920,緯度帶,南中緯24-44S,南,-34,-0.19
1920,1920,緯度帶,南高緯44-64S,南,-54,-0.48
1920,1920,緯度帶,南極區64-90S,南,-77,-1.13
1921,1920,全球,全球,全球,999,-0.19
1921,1920,半球,北半球,北,999,-0.11
1921,1920,半球,南半球,南,999,-0.28
1921,1920,寬帶,北緯24-90,北,999,0.02
1921,1920,寬帶,南北緯24以內,赤道,999,-0.27
1921,1920,寬帶,南緯24-90,南,999,-0.31
1921,1920,緯度帶,北極區64-90N,北,77,0.01
1921,1920,緯度帶,北高緯44-64N,北,54,0.17
1921,1920,緯度帶,北中緯24-44N,北,34,-0.08
1921,1920,緯度帶,赤道-24N,北,12,-0.30
1921,1920,緯度帶,24S-赤道,南,-12,-0.24
1921,1920,緯度帶,南中緯24-44S,南,-34,-0.23
1921,1920,緯度帶,南高緯44-64S,南,-54,-0.38
1921,1920,緯度帶,南極區64-90S,南,-77,-0.83
1922,1920,全球,全球,全球,999,-0.29
1922,1920,半球,北半球,北,999,-0.27
1922,1920,半球,南半球,南,999,-0.30
1922,1920,寬帶,北緯24-90,北,999,-0.23
1922,1920,寬帶,南北緯24以內,赤道,999,-0.34
1922,1920,寬帶,南緯24-90,南,999,-0.27
1922,1920,緯度帶,北極區64-90N,北,77,-0.25
1922,1920,緯度帶,北高緯44-64N,北,54,-0.40
1922,1920,緯度帶,北中緯24-44N,北,34,-0.13
1922,1920,緯度帶,赤道-24N,北,12,-0.34
1922,1920,緯度帶,24S-赤道,南,-12,-0.34
1922,1920,緯度帶,南中緯24-44S,南,-34,-0.24
1922,1920,緯度帶,南高緯44-64S,南,-54,-0.28
1922,1920,緯度帶,南極區64-90S,南,-77,-0.27
1923,1920,全球,全球,全球,999,-0.27
1923,1920,半球,北半球,北,999,-0.22
1923,1920,半球,南半球,南,999,-0.31
1923,1920,寬帶,北緯24-90,北,999,-0.14
1923,1920,寬帶,南北緯24以內,赤道,999,-0.31
1923,1920,寬帶,南緯24-90,南,999,-0.34
1923,1920,緯度帶,北極區64-90N,北,77,0.22
1923,1920,緯度帶,北高緯44-64N,北,54,-0.15
1923,1920,緯度帶,北中緯24-44N,北,34,-0.25
1923,1920,緯度帶,赤道-24N,北,12,-0.33
1923,1920,緯度帶,24S-赤道,南,-12,-0.29
1923,1920,緯度帶,南中緯24-44S,南,-34,-0.27
1923,1920,緯度帶,南高緯44-64S,南,-54,-0.41
1923,1920,緯度帶,南極區64-90S,南,-77,-0.53
1924,1920,全球,全球,全球,999,-0.27
1924,1920,半球,北半球,北,999,-0.18
1924,1920,半球,南半球,南,999,-0.36
1924,1920,寬帶,北緯24-90,北,999,-0.12
1924,1920,寬帶,南北緯24以內,赤道,999,-0.27
1924,1920,寬帶,南緯24-90,南,999,-0.43
1924,1920,緯度帶,北極區64-90N,北,77,0.55
1924,1920,緯度帶,北高緯44-64N,北,54,-0.25
1924,1920,緯度帶,北中緯24-44N,北,34,-0.23
1924,1920,緯度帶,赤道-24N,北,12,-0.28
1924,1920,緯度帶,24S-赤道,南,-12,-0.26
1924,1920,緯度帶,南中緯24-44S,南,-34,-0.40
1924,1920,緯度帶,南高緯44-64S,南,-54,-0.45
1924,1920,緯度帶,南極區64-90S,南,-77,-0.52
1925,1920,全球,全球,全球,999,-0.22
1925,1920,半球,北半球,北,999,-0.14
1925,1920,半球,南半球,南,999,-0.30
1925,1920,寬帶,北緯24-90,北,999,-0.03
1925,1920,寬帶,南北緯24以內,赤道,999,-0.25
1925,1920,寬帶,南緯24-90,南,999,-0.37
1925,1920,緯度帶,北極區64-90N,北,77,-0.03
1925,1920,緯度帶,北高緯44-64N,北,54,0.18
1925,1920,緯度帶,北中緯24-44N,北,34,-0.18
1925,1920,緯度帶,赤道-24N,北,12,-0.29
1925,1920,緯度帶,24S-赤道,南,-12,-0.21
1925,1920,緯度帶,南中緯24-44S,南,-34,-0.25
1925,1920,緯度帶,南高緯44-64S,南,-54,-0.55
1925,1920,緯度帶,南極區64-90S,南,-77,-0.85
1926,1920,全球,全球,全球,999,-0.11
1926,1920,半球,北半球,北,999,0.01
1926,1920,半球,南半球,南,999,-0.22
1926,1920,寬帶,北緯24-90,北,999,0.03
1926,1920,寬帶,南北緯24以內,赤道,999,0.00
1926,1920,寬帶,南緯24-90,南,999,-0.40
1926,1920,緯度帶,北極區64-90N,北,77,0.58
1926,1920,緯度帶,北高緯44-64N,北,54,0.16
1926,1920,緯度帶,北中緯24-44N,北,34,-0.22
1926,1920,緯度帶,赤道-24N,北,12,-0.01
1926,1920,緯度帶,24S-赤道,南,-12,0.01
1926,1920,緯度帶,南中緯24-44S,南,-34,-0.35
1926,1920,緯度帶,南高緯44-64S,南,-54,-0.45
1926,1920,緯度帶,南極區64-90S,南,-77,-0.62
1927,1920,全球,全球,全球,999,-0.22
1927,1920,半球,北半球,北,999,-0.14
1927,1920,半球,南半球,南,999,-0.30
1927,1920,寬帶,北緯24-90,北,999,-0.12
1927,1920,寬帶,南北緯24以內,赤道,999,-0.17
1927,1920,寬帶,南緯24-90,南,999,-0.38
1927,1920,緯度帶,北極區64-90N,北,77,0.04
1927,1920,緯度帶,北高緯44-64N,北,54,-0.21
1927,1920,緯度帶,北中緯24-44N,北,34,-0.12
1927,1920,緯度帶,赤道-24N,北,12,-0.15
1927,1920,緯度帶,24S-赤道,南,-12,-0.19
1927,1920,緯度帶,南中緯24-44S,南,-34,-0.31
1927,1920,緯度帶,南高緯44-64S,南,-54,-0.45
1927,1920,緯度帶,南極區64-90S,南,-77,-1.37
1928,1920,全球,全球,全球,999,-0.20
1928,1920,半球,北半球,北,999,-0.10
1928,1920,半球,南半球,南,999,-0.29
1928,1920,寬帶,北緯24-90,北,999,-0.07
1928,1920,寬帶,南北緯24以內,赤道,999,-0.16
1928,1920,寬帶,南緯24-90,南,999,-0.39
1928,1920,緯度帶,北極區64-90N,北,77,0.67
1928,1920,緯度帶,北高緯44-64N,北,54,-0.17
1928,1920,緯度帶,北中緯24-44N,北,34,-0.22
1928,1920,緯度帶,赤道-24N,北,12,-0.16
1928,1920,緯度帶,24S-赤道,南,-12,-0.17
1928,1920,緯度帶,南中緯24-44S,南,-34,-0.29
1928,1920,緯度帶,南高緯44-64S,南,-54,-0.48
1928,1920,緯度帶,南極區64-90S,南,-77,-2.11
1929,1920,全球,全球,全球,999,-0.36
1929,1920,半球,北半球,北,999,-0.34
1929,1920,半球,南半球,南,999,-0.38
1929,1920,寬帶,北緯24-90,北,999,-0.37
1929,1920,寬帶,南北緯24以內,赤道,999,-0.29
1929,1920,寬帶,南緯24-90,南,999,-0.45
1929,1920,緯度帶,北極區64-90N,北,77,0.13
1929,1920,緯度帶,北高緯44-64N,北,54,-0.61
1929,1920,緯度帶,北中緯24-44N,北,34,-0.38
1929,1920,緯度帶,赤道-24N,北,12,-0.28
1929,1920,緯度帶,24S-赤道,南,-12,-0.30
1929,1920,緯度帶,南中緯24-44S,南,-34,-0.43
1929,1920,緯度帶,南高緯44-64S,南,-54,-0.44
1929,1920,緯度帶,南極區64-90S,南,-77,-1.07
1930,1930,全球,全球,全球,999,-0.16
1930,1930,半球,北半球,北,999,-0.01
1930,1930,半球,南半球,南,999,-0.29
1930,1930,寬帶,北緯24-90,北,999,0.04
1930,1930,寬帶,南北緯24以內,赤道,999,-0.12
1930,1930,寬帶,南緯24-90,南,999,-0.42
1930,1930,緯度帶,北極區64-90N,北,77,0.51
1930,1930,緯度帶,北高緯44-64N,北,54,0.05
1930,1930,緯度帶,北中緯24-44N,北,34,-0.10
1930,1930,緯度帶,赤道-24N,北,12,-0.10
1930,1930,緯度帶,24S-赤道,南,-12,-0.14
1930,1930,緯度帶,南中緯24-44S,南,-34,-0.33
1930,1930,緯度帶,南高緯44-64S,南,-54,-0.47
1930,1930,緯度帶,南極區64-90S,南,-77,-2.58
1931,1930,全球,全球,全球,999,-0.10
1931,1930,半球,北半球,北,999,0.05
1931,1930,半球,南半球,南,999,-0.22
1931,1930,寬帶,北緯24-90,北,999,0.01
1931,1930,寬帶,南北緯24以內,赤道,999,0.07
1931,1930,寬帶,南緯24-90,南,999,-0.42
1931,1930,緯度帶,北極區64-90N,北,77,0.57
1931,1930,緯度帶,北高緯44-64N,北,54,-0.03
1931,1930,緯度帶,北中緯24-44N,北,34,-0.14
1931,1930,緯度帶,赤道-24N,北,12,0.10
1931,1930,緯度帶,24S-赤道,南,-12,0.04
1931,1930,緯度帶,南中緯24-44S,南,-34,-0.42
1931,1930,緯度帶,南高緯44-64S,南,-54,-0.40
1931,1930,緯度帶,南極區64-90S,南,-77,-0.40
1932,1930,全球,全球,全球,999,-0.16
1932,1930,半球,北半球,北,999,-0.06
1932,1930,半球,南半球,南,999,-0.26
1932,1930,寬帶,北緯24-90,北,999,0.03
1932,1930,寬帶,南北緯24以內,赤道,999,-0.17
1932,1930,寬帶,南緯24-90,南,999,-0.34
1932,1930,緯度帶,北極區64-90N,北,77,0.46
1932,1930,緯度帶,北高緯44-64N,北,54,0.20
1932,1930,緯度帶,北中緯24-44N,北,34,-0.21
1932,1930,緯度帶,赤道-24N,北,12,-0.19
1932,1930,緯度帶,24S-赤道,南,-12,-0.15
1932,1930,緯度帶,南中緯24-44S,南,-34,-0.21
1932,1930,緯度帶,南高緯44-64S,南,-54,-0.53
1932,1930,緯度帶,南極區64-90S,南,-77,-0.98
1933,1930,全球,全球,全球,999,-0.29
1933,1930,半球,北半球,北,999,-0.26
1933,1930,半球,南半球,南,999,-0.32
1933,1930,寬帶,北緯24-90,北,999,-0.24
1933,1930,寬帶,南北緯24以內,赤道,999,-0.29
1933,1930,寬帶,南緯24-90,南,999,-0.34
1933,1930,緯度帶,北極區64-90N,北,77,-0.15
1933,1930,緯度帶,北高緯44-64N,北,54,-0.46
1933,1930,緯度帶,北中緯24-44N,北,34,-0.12
1933,1930,緯度帶,赤道-24N,北,12,-0.29
1933,1930,緯度帶,24S-赤道,南,-12,-0.29
1933,1930,緯度帶,南中緯24-44S,南,-34,-0.22
1933,1930,緯度帶,南高緯44-64S,南,-54,-0.48
1933,1930,緯度帶,南極區64-90S,南,-77,-1.14
1934,1930,全球,全球,全球,999,-0.13
1934,1930,半球,北半球,北,999,-0.01
1934,1930,半球,南半球,南,999,-0.25
1934,1930,寬帶,北緯24-90,北,999,0.18
1934,1930,寬帶,南北緯24以內,赤道,999,-0.26
1934,1930,寬帶,南緯24-90,南,999,-0.26
1934,1930,緯度帶,北極區64-90N,北,77,0.89
1934,1930,緯度帶,北高緯44-64N,北,54,0.31
1934,1930,緯度帶,北中緯24-44N,北,34,-0.13
1934,1930,緯度帶,赤道-24N,北,12,-0.27
1934,1930,緯度帶,24S-赤道,南,-12,-0.25
1934,1930,緯度帶,南中緯24-44S,南,-34,-0.15
1934,1930,緯度帶,南高緯44-64S,南,-54,-0.38
1934,1930,緯度帶,南極區64-90S,南,-77,-0.56
1935,1930,全球,全球,全球,999,-0.20
1935,1930,半球,北半球,北,999,-0.10
1935,1930,半球,南半球,南,999,-0.30
1935,1930,寬帶,北緯24-90,北,999,-0.05
1935,1930,寬帶,南北緯24以內,赤道,999,-0.19
1935,1930,寬帶,南緯24-90,南,999,-0.37
1935,1930,緯度帶,北極區64-90N,北,77,0.33
1935,1930,緯度帶,北高緯44-64N,北,54,-0.04
1935,1930,緯度帶,北中緯24-44N,北,34,-0.16
1935,1930,緯度帶,赤道-24N,北,12,-0.18
1935,1930,緯度帶,24S-赤道,南,-12,-0.21
1935,1930,緯度帶,南中緯24-44S,南,-34,-0.30
1935,1930,緯度帶,南高緯44-64S,南,-54,-0.41
1935,1930,緯度帶,南極區64-90S,南,-77,-1.70
1936,1930,全球,全球,全球,999,-0.15
1936,1930,半球,北半球,北,999,-0.04
1936,1930,半球,南半球,南,999,-0.26
1936,1930,寬帶,北緯24-90,北,999,-0.02
1936,1930,寬帶,南北緯24以內,赤道,999,-0.14
1936,1930,寬帶,南緯24-90,南,999,-0.30
1936,1930,緯度帶,北極區64-90N,北,77,0.41
1936,1930,緯度帶,北高緯44-64N,北,54,0.11
1936,1930,緯度帶,北中緯24-44N,北,34,-0.26
1936,1930,緯度帶,赤道-24N,北,12,-0.06
1936,1930,緯度帶,24S-赤道,南,-12,-0.22
1936,1930,緯度帶,南中緯24-44S,南,-34,-0.26
1936,1930,緯度帶,南高緯44-64S,南,-54,-0.33
1936,1930,緯度帶,南極區64-90S,南,-77,-0.02
1937,1930,全球,全球,全球,999,-0.03
1937,1930,半球,北半球,北,999,0.12
1937,1930,半球,南半球,南,999,-0.18
1937,1930,寬帶,北緯24-90,北,999,0.20
1937,1930,寬帶,南北緯24以內,赤道,999,-0.06
1937,1930,寬帶,南緯24-90,南,999,-0.22
1937,1930,緯度帶,北極區64-90N,北,77,1.23
1937,1930,緯度帶,北高緯44-64N,北,54,0.03
1937,1930,緯度帶,北中緯24-44N,北,34,-0.03
1937,1930,緯度帶,赤道-24N,北,12,0.00
1937,1930,緯度帶,24S-赤道,南,-12,-0.12
1937,1930,緯度帶,南中緯24-44S,南,-34,-0.19
1937,1930,緯度帶,南高緯44-64S,南,-54,-0.25
1937,1930,緯度帶,南極區64-90S,南,-77,0.37
1938,1930,全球,全球,全球,999,0.00
1938,1930,半球,北半球,北,999,0.16
1938,1930,半球,南半球,南,999,-0.18
1938,1930,寬帶,北緯24-90,北,999,0.39
1938,1930,寬帶,南北緯24以內,赤道,999,-0.23
1938,1930,寬帶,南緯24-90,南,999,-0.09
1938,1930,緯度帶,北極區64-90N,北,77,1.53
1938,1930,緯度帶,北高緯44-64N,北,54,0.39
1938,1930,緯度帶,北中緯24-44N,北,34,0.02
1938,1930,緯度帶,赤道-24N,北,12,-0.19
1938,1930,緯度帶,24S-赤道,南,-12,-0.28
1938,1930,緯度帶,南中緯24-44S,南,-34,-0.06
1938,1930,緯度帶,南高緯44-64S,南,-54,-0.11
1938,1930,緯度帶,南極區64-90S,南,-77,-0.85
1939,1930,全球,全球,全球,999,-0.02
1939,1930,半球,北半球,北,999,0.08
1939,1930,半球,南半球,南,999,-0.13
1939,1930,寬帶,北緯24-90,北,999,0.22
1939,1930,寬帶,南北緯24以內,赤道,999,-0.13
1939,1930,寬帶,南緯24-90,南,999,-0.12
1939,1930,緯度帶,北極區64-90N,北,77,0.56
1939,1930,緯度帶,北高緯44-64N,北,54,0.29
1939,1930,緯度帶,北中緯24-44N,北,34,0.08
1939,1930,緯度帶,赤道-24N,北,12,-0.13
1939,1930,緯度帶,24S-赤道,南,-12,-0.14
1939,1930,緯度帶,南中緯24-44S,南,-34,-0.04
1939,1930,緯度帶,南高緯44-64S,南,-54,-0.18
1939,1930,緯度帶,南極區64-90S,南,-77,-1.59
1940,1940,全球,全球,全球,999,0.12
1940,1940,半球,北半球,北,999,0.16
1940,1940,半球,南半球,南,999,0.09
1940,1940,寬帶,北緯24-90,北,999,0.11
1940,1940,寬帶,南北緯24以內,赤道,999,0.26
1940,1940,寬帶,南緯24-90,南,999,-0.07
1940,1940,緯度帶,北極區64-90N,北,77,0.99
1940,1940,緯度帶,北高緯44-64N,北,54,-0.02
1940,1940,緯度帶,北中緯24-44N,北,34,-0.10
1940,1940,緯度帶,赤道-24N,北,12,0.25
1940,1940,緯度帶,24S-赤道,南,-12,0.28
1940,1940,緯度帶,南中緯24-44S,南,-34,0.03
1940,1940,緯度帶,南高緯44-64S,南,-54,-0.20
1940,1940,緯度帶,南極區64-90S,南,-77,-0.04
1941,1940,全球,全球,全球,999,0.18
1941,1940,半球,北半球,北,999,0.22
1941,1940,半球,南半球,南,999,0.16
1941,1940,寬帶,北緯24-90,北,999,0.01
1941,1940,寬帶,南北緯24以內,赤道,999,0.47
1941,1940,寬帶,南緯24-90,南,999,-0.05
1941,1940,緯度帶,北極區64-90N,北,77,0.02
1941,1940,緯度帶,北高緯44-64N,北,54,-0.09
1941,1940,緯度帶,北中緯24-44N,北,34,0.08
1941,1940,緯度帶,赤道-24N,北,12,0.52
1941,1940,緯度帶,24S-赤道,南,-12,0.43
1941,1940,緯度帶,南中緯24-44S,南,-34,0.03
1941,1940,緯度帶,南高緯44-64S,南,-54,-0.15
1941,1940,緯度帶,南極區64-90S,南,-77,-0.46
1942,1940,全球,全球,全球,999,0.06
1942,1940,半球,北半球,北,999,0.12
1942,1940,半球,南半球,南,999,0.00
1942,1940,寬帶,北緯24-90,北,999,0.13
1942,1940,寬帶,南北緯24以內,赤道,999,0.07
1942,1940,寬帶,南緯24-90,南,999,-0.01
1942,1940,緯度帶,北極區64-90N,北,77,0.72
1942,1940,緯度帶,北高緯44-64N,北,54,-0.07
1942,1940,緯度帶,北中緯24-44N,北,34,0.06
1942,1940,緯度帶,赤道-24N,北,12,0.10
1942,1940,緯度帶,24S-赤道,南,-12,0.03
1942,1940,緯度帶,南中緯24-44S,南,-34,0.05
1942,1940,緯度帶,南高緯44-64S,南,-54,-0.05
1942,1940,緯度帶,南極區64-90S,南,-77,-0.89
1943,1940,全球,全球,全球,999,0.09
1943,1940,半球,北半球,北,999,0.18
1943,1940,半球,南半球,南,999,-0.01
1943,1940,寬帶,北緯24-90,北,999,0.37
1943,1940,寬帶,南北緯24以內,赤道,999,-0.09
1943,1940,寬帶,南緯24-90,南,999,0.04
1943,1940,緯度帶,北極區64-90N,北,77,1.43
1943,1940,緯度帶,北高緯44-64N,北,54,0.28
1943,1940,緯度帶,北中緯24-44N,北,34,0.11
1943,1940,緯度帶,赤道-24N,北,12,-0.11
1943,1940,緯度帶,24S-赤道,南,-12,-0.07
1943,1940,緯度帶,南中緯24-44S,南,-34,0.07
1943,1940,緯度帶,南高緯44-64S,南,-54,0.00
1943,1940,緯度帶,南極區64-90S,南,-77,1.15
1944,1940,全球,全球,全球,999,0.20
1944,1940,半球,北半球,北,999,0.27
1944,1940,半球,南半球,南,999,0.14
1944,1940,寬帶,北緯24-90,北,999,0.38
1944,1940,寬帶,南北緯24以內,赤道,999,0.18
1944,1940,寬帶,南緯24-90,南,999,0.05
1944,1940,緯度帶,北極區64-90N,北,77,1.18
1944,1940,緯度帶,北高緯44-64N,北,54,0.47
1944,1940,緯度帶,北中緯24-44N,北,34,0.09
1944,1940,緯度帶,赤道-24N,北,12,0.10
1944,1940,緯度帶,24S-赤道,南,-12,0.26
1944,1940,緯度帶,南中緯24-44S,南,-34,0.18
1944,1940,緯度帶,南高緯44-64S,南,-54,-0.09
1944,1940,緯度帶,南極區64-90S,南,-77,-0.97
1945,1940,全球,全球,全球,999,0.09
1945,1940,半球,北半球,北,999,0.11
1945,1940,半球,南半球,南,999,0.09
1945,1940,寬帶,北緯24-90,北,999,0.12
1945,1940,寬帶,南北緯24以內,赤道,999,0.17
1945,1940,寬帶,南緯24-90,南,999,-0.03
1945,1940,緯度帶,北極區64-90N,北,77,0.66
1945,1940,緯度帶,北高緯44-64N,北,54,-0.02
1945,1940,緯度帶,北中緯24-44N,北,34,0.04
1945,1940,緯度帶,赤道-24N,北,12,0.10
1945,1940,緯度帶,24S-赤道,南,-12,0.24
1945,1940,緯度帶,南中緯24-44S,南,-34,0.04
1945,1940,緯度帶,南高緯44-64S,南,-54,0.00
1945,1940,緯度帶,南極區64-90S,南,-77,-1.81
1946,1940,全球,全球,全球,999,-0.07
1946,1940,半球,北半球,北,999,0.03
1946,1940,半球,南半球,南,999,-0.17
1946,1940,寬帶,北緯24-90,北,999,0.06
1946,1940,寬帶,南北緯24以內,赤道,999,-0.05
1946,1940,寬帶,南緯24-90,南,999,-0.24
1946,1940,緯度帶,北極區64-90N,北,77,-0.03
1946,1940,緯度帶,北高緯44-64N,北,54,-0.05
1946,1940,緯度帶,北中緯24-44N,北,34,0.17
1946,1940,緯度帶,赤道-24N,北,12,-0.02
1946,1940,緯度帶,24S-赤道,南,-12,-0.07
1946,1940,緯度帶,南中緯24-44S,南,-34,-0.22
1946,1940,緯度帶,南高緯44-64S,南,-54,-0.24
1946,1940,緯度帶,南極區64-90S,南,-77,-0.21
1947,1940,全球,全球,全球,999,-0.03
1947,1940,半球,北半球,北,999,0.08
1947,1940,半球,南半球,南,999,-0.14
1947,1940,寬帶,北緯24-90,北,999,0.16
1947,1940,寬帶,南北緯24以內,赤道,999,-0.06
1947,1940,寬帶,南緯24-90,南,999,-0.16
1947,1940,緯度帶,北極區64-90N,北,77,1.07
1947,1940,緯度帶,北高緯44-64N,北,54,-0.13
1947,1940,緯度帶,北中緯24-44N,北,34,0.05
1947,1940,緯度帶,赤道-24N,北,12,-0.03
1947,1940,緯度帶,24S-赤道,南,-12,-0.10
1947,1940,緯度帶,南中緯24-44S,南,-34,-0.19
1947,1940,緯度帶,南高緯44-64S,南,-54,-0.08
1947,1940,緯度帶,南極區64-90S,南,-77,-0.23
1948,1940,全球,全球,全球,999,-0.11
1948,1940,半球,北半球,北,999,-0.01
1948,1940,半球,南半球,南,999,-0.20
1948,1940,寬帶,北緯24-90,北,999,0.13
1948,1940,寬帶,南北緯24以內,赤道,999,-0.18
1948,1940,寬帶,南緯24-90,南,999,-0.24
1948,1940,緯度帶,北極區64-90N,北,77,0.12
1948,1940,緯度帶,北高緯44-64N,北,54,0.32
1948,1940,緯度帶,北中緯24-44N,北,34,0.01
1948,1940,緯度帶,赤道-24N,北,12,-0.22
1948,1940,緯度帶,24S-赤道,南,-12,-0.14
1948,1940,緯度帶,南中緯24-44S,南,-34,-0.19
1948,1940,緯度帶,南高緯44-64S,南,-54,-0.19
1948,1940,緯度帶,南極區64-90S,南,-77,-1.41
1949,1940,全球,全球,全球,999,-0.11
1949,1940,半球,北半球,北,999,-0.02
1949,1940,半球,南半球,南,999,-0.19
1949,1940,寬帶,北緯24-90,北,999,0.11
1949,1940,寬帶,南北緯24以內,赤道,999,-0.19
1949,1940,寬帶,南緯24-90,南,999,-0.23
1949,1940,緯度帶,北極區64-90N,北,77,0.20
1949,1940,緯度帶,北高緯44-64N,北,54,0.17
1949,1940,緯度帶,北中緯24-44N,北,34,0.05
1949,1940,緯度帶,赤道-24N,北,12,-0.23
1949,1940,緯度帶,24S-赤道,南,-12,-0.15
1949,1940,緯度帶,南中緯24-44S,南,-34,-0.17
1949,1940,緯度帶,南高緯44-64S,南,-54,-0.15
1949,1940,緯度帶,南極區64-90S,南,-77,-2.01
1950,1950,全球,全球,全球,999,-0.17
1950,1950,半球,北半球,北,999,-0.15
1950,1950,半球,南半球,南,999,-0.21
1950,1950,寬帶,北緯24-90,北,999,-0.05
1950,1950,寬帶,南北緯24以內,赤道,999,-0.29
1950,1950,寬帶,南緯24-90,南,999,-0.14
1950,1950,緯度帶,北極區64-90N,北,77,0.18
1950,1950,緯度帶,北高緯44-64N,北,54,-0.31
1950,1950,緯度帶,北中緯24-44N,北,34,0.04
1950,1950,緯度帶,赤道-24N,北,12,-0.30
1950,1950,緯度帶,24S-赤道,南,-12,-0.28
1950,1950,緯度帶,南中緯24-44S,南,-34,-0.06
1950,1950,緯度帶,南高緯44-64S,南,-54,-0.16
1950,1950,緯度帶,南極區64-90S,南,-77,-0.86
1951,1950,全球,全球,全球,999,-0.07
1951,1950,半球,北半球,北,999,0.05
1951,1950,半球,南半球,南,999,-0.18
1951,1950,寬帶,北緯24-90,北,999,0.08
1951,1950,寬帶,南北緯24以內,赤道,999,-0.06
1951,1950,寬帶,南緯24-90,南,999,-0.23
1951,1950,緯度帶,北極區64-90N,北,77,0.07
1951,1950,緯度帶,北高緯44-64N,北,54,0.01
1951,1950,緯度帶,北中緯24-44N,北,34,0.13
1951,1950,緯度帶,赤道-24N,北,12,0.00
1951,1950,緯度帶,24S-赤道,南,-12,-0.12
1951,1950,緯度帶,南中緯24-44S,南,-34,-0.22
1951,1950,緯度帶,南高緯44-64S,南,-54,-0.16
1951,1950,緯度帶,南極區64-90S,南,-77,-0.70
1952,1950,全球,全球,全球,999,0.01
1952,1950,半球,北半球,北,999,0.06
1952,1950,半球,南半球,南,999,-0.03
1952,1950,寬帶,北緯24-90,北,999,0.11
1952,1950,寬帶,南北緯24以內,赤道,999,0.02
1952,1950,寬帶,南緯24-90,南,999,-0.09
1952,1950,緯度帶,北極區64-90N,北,77,0.27
1952,1950,緯度帶,北高緯44-64N,北,54,-0.09
1952,1950,緯度帶,北中緯24-44N,北,34,0.19
1952,1950,緯度帶,赤道-24N,北,12,-0.01
1952,1950,緯度帶,24S-赤道,南,-12,0.05
1952,1950,緯度帶,南中緯24-44S,南,-34,-0.10
1952,1950,緯度帶,南高緯44-64S,南,-54,-0.02
1952,1950,緯度帶,南極區64-90S,南,-77,-0.53
1953,1950,全球,全球,全球,999,0.08
1953,1950,半球,北半球,北,999,0.25
1953,1950,半球,南半球,南,999,-0.07
1953,1950,寬帶,北緯24-90,北,999,0.36
1953,1950,寬帶,南北緯24以內,赤道,999,0.07
1953,1950,寬帶,南緯24-90,南,999,-0.18
1953,1950,緯度帶,北極區64-90N,北,77,1.03
1953,1950,緯度帶,北高緯44-64N,北,54,0.36
1953,1950,緯度帶,北中緯24-44N,北,34,0.14
1953,1950,緯度帶,赤道-24N,北,12,0.08
1953,1950,緯度帶,24S-赤道,南,-12,0.07
1953,1950,緯度帶,南中緯24-44S,南,-34,-0.08
1953,1950,緯度帶,南高緯44-64S,南,-54,-0.24
1953,1950,緯度帶,南極區64-90S,南,-77,-1.13
1954,1950,全球,全球,全球,999,-0.13
1954,1950,半球,北半球,北,999,-0.02
1954,1950,半球,南半球,南,999,-0.25
1954,1950,寬帶,北緯24-90,北,999,0.07
1954,1950,寬帶,南北緯24以內,赤道,999,-0.21
1954,1950,寬帶,南緯24-90,南,999,-0.22
1954,1950,緯度帶,北極區64-90N,北,77,0.80
1954,1950,緯度帶,北高緯44-64N,北,54,-0.21
1954,1950,緯度帶,北中緯24-44N,北,34,0.01
1954,1950,緯度帶,赤道-24N,北,12,-0.14
1954,1950,緯度帶,24S-赤道,南,-12,-0.29
1954,1950,緯度帶,南中緯24-44S,南,-34,-0.18
1954,1950,緯度帶,南高緯44-64S,南,-54,-0.20
1954,1950,緯度帶,南極區64-90S,南,-77,-0.81
1955,1950,全球,全球,全球,999,-0.14
1955,1950,半球,北半球,北,999,-0.09
1955,1950,半球,南半球,南,999,-0.20
1955,1950,寬帶,北緯24-90,北,999,0.05
1955,1950,寬帶,南北緯24以內,赤道,999,-0.34
1955,1950,寬帶,南緯24-90,南,999,-0.06
1955,1950,緯度帶,北極區64-90N,北,77,-0.23
1955,1950,緯度帶,北高緯44-64N,北,54,-0.11
1955,1950,緯度帶,北中緯24-44N,北,34,0.24
1955,1950,緯度帶,赤道-24N,北,12,-0.29
1955,1950,緯度帶,24S-赤道,南,-12,-0.38
1955,1950,緯度帶,南中緯24-44S,南,-34,-0.16
1955,1950,緯度帶,南高緯44-64S,南,-54,-0.08
1955,1950,緯度帶,南極區64-90S,南,-77,1.21
1956,1950,全球,全球,全球,999,-0.19
1956,1950,半球,北半球,北,999,-0.23
1956,1950,半球,南半球,南,999,-0.16
1956,1950,寬帶,北緯24-90,北,999,-0.20
1956,1950,寬帶,南北緯24以內,赤道,999,-0.33
1956,1950,寬帶,南緯24-90,南,999,0.00
1956,1950,緯度帶,北極區64-90N,北,77,0.01
1956,1950,緯度帶,北高緯44-64N,北,54,-0.48
1956,1950,緯度帶,北中緯24-44N,北,34,-0.08
1956,1950,緯度帶,赤道-24N,北,12,-0.28
1956,1950,緯度帶,24S-赤道,南,-12,-0.37
1956,1950,緯度帶,南中緯24-44S,南,-34,-0.14
1956,1950,緯度帶,南高緯44-64S,南,-54,0.02
1956,1950,緯度帶,南極區64-90S,南,-77,0.77
1957,1950,全球,全球,全球,999,0.05
1957,1950,半球,北半球,北,999,0.04
1957,1950,半球,南半球,南,999,0.05
1957,1950,寬帶,北緯24-90,北,999,0.03
1957,1950,寬帶,南北緯24以內,赤道,999,0.08
1957,1950,寬帶,南緯24-90,南,999,0.02
1957,1950,緯度帶,北極區64-90N,北,77,0.09
1957,1950,緯度帶,北高緯44-64N,北,54,0.22
1957,1950,緯度帶,北中緯24-44N,北,34,-0.10
1957,1950,緯度帶,赤道-24N,北,12,0.06
1957,1950,緯度帶,24S-赤道,南,-12,0.10
1957,1950,緯度帶,南中緯24-44S,南,-34,-0.09
1957,1950,緯度帶,南高緯44-64S,南,-54,-0.02
1957,1950,緯度帶,南極區64-90S,南,-77,0.49
1958,1950,全球,全球,全球,999,0.06
1958,1950,半球,北半球,北,999,0.15
1958,1950,半球,南半球,南,999,-0.03
1958,1950,寬帶,北緯24-90,北,999,0.08
1958,1950,寬帶,南北緯24以內,赤道,999,0.21
1958,1950,寬帶,南緯24-90,南,999,-0.16
1958,1950,緯度帶,北極區64-90N,北,77,-0.18
1958,1950,緯度帶,北高緯44-64N,北,54,0.14
1958,1950,緯度帶,北中緯24-44N,北,34,0.13
1958,1950,緯度帶,赤道-24N,北,12,0.26
1958,1950,緯度帶,24S-赤道,南,-12,0.15
1958,1950,緯度帶,南中緯24-44S,南,-34,-0.09
1958,1950,緯度帶,南高緯44-64S,南,-54,-0.08
1958,1950,緯度帶,南極區64-90S,南,-77,-0.56
1959,1950,全球,全球,全球,999,0.03
1959,1950,半球,北半球,北,999,0.13
1959,1950,半球,南半球,南,999,-0.06
1959,1950,寬帶,北緯24-90,北,999,0.16
1959,1950,寬帶,南北緯24以內,赤道,999,0.08
1959,1950,寬帶,南緯24-90,南,999,-0.16
1959,1950,緯度帶,北極區64-90N,北,77,0.49
1959,1950,緯度帶,北高緯44-64N,北,54,0.18
1959,1950,緯度帶,北中緯24-44N,北,34,0.05
1959,1950,緯度帶,赤道-24N,北,12,0.07
1959,1950,緯度帶,24S-赤道,南,-12,0.08
1959,1950,緯度帶,南中緯24-44S,南,-34,-0.03
1959,1950,緯度帶,南高緯44-64S,南,-54,-0.26
1959,1950,緯度帶,南極區64-90S,南,-77,-0.39
1960,1960,全球,全球,全球,999,-0.02
1960,1960,半球,北半球,北,999,0.08
1960,1960,半球,南半球,南,999,-0.13
1960,1960,寬帶,北緯24-90,北,999,0.09
1960,1960,寬帶,南北緯24以內,赤道,999,0.02
1960,1960,寬帶,南緯24-90,南,999,-0.20
1960,1960,緯度帶,北極區64-90N,北,77,0.34
1960,1960,緯度帶,北高緯44-64N,北,54,-0.07
1960,1960,緯度帶,北中緯24-44N,北,34,0.11
1960,1960,緯度帶,赤道-24N,北,12,0.07
1960,1960,緯度帶,24S-赤道,南,-12,-0.02
1960,1960,緯度帶,南中緯24-44S,南,-34,-0.10
1960,1960,緯度帶,南高緯44-64S,南,-54,-0.07
1960,1960,緯度帶,南極區64-90S,南,-77,-0.78
1961,1960,全球,全球,全球,999,0.06
1961,1960,半球,北半球,北,999,0.09
1961,1960,半球,南半球,南,999,0.03
1961,1960,寬帶,北緯24-90,北,999,0.19
1961,1960,寬帶,南北緯24以內,赤道,999,-0.03
1961,1960,寬帶,南緯24-90,南,999,0.05
1961,1960,緯度帶,北極區64-90N,北,77,-0.16
1961,1960,緯度帶,北高緯44-64N,北,54,0.38
1961,1960,緯度帶,北中緯24-44N,北,34,0.18
1961,1960,緯度帶,赤道-24N,北,12,-0.07
1961,1960,緯度帶,24S-赤道,南,-12,0.00
1961,1960,緯度帶,南中緯24-44S,南,-34,0.14
1961,1960,緯度帶,南高緯44-64S,南,-54,-0.17
1961,1960,緯度帶,南極區64-90S,南,-77,0.21
1962,1960,全球,全球,全球,999,0.03
1962,1960,半球,北半球,北,999,0.13
1962,1960,半球,南半球,南,999,-0.06
1962,1960,寬帶,北緯24-90,北,999,0.24
1962,1960,寬帶,南北緯24以內,赤道,999,-0.05
1962,1960,寬帶,南緯24-90,南,999,-0.07
1962,1960,緯度帶,北極區64-90N,北,77,0.44
1962,1960,緯度帶,北高緯44-64N,北,54,0.31
1962,1960,緯度帶,北中緯24-44N,北,34,0.14
1962,1960,緯度帶,赤道-24N,北,12,-0.04
1962,1960,緯度帶,24S-赤道,南,-12,-0.05
1962,1960,緯度帶,南中緯24-44S,南,-34,0.09
1962,1960,緯度帶,南高緯44-64S,南,-54,-0.07
1962,1960,緯度帶,南極區64-90S,南,-77,-0.65
1963,1960,全球,全球,全球,999,0.05
1963,1960,半球,北半球,北,999,0.14
1963,1960,半球,南半球,南,999,-0.03
1963,1960,寬帶,北緯24-90,北,999,0.14
1963,1960,寬帶,南北緯24以內,赤道,999,0.12
1963,1960,寬帶,南緯24-90,南,999,-0.12
1963,1960,緯度帶,北極區64-90N,北,77,-0.16
1963,1960,緯度帶,北高緯44-64N,北,54,0.31
1963,1960,緯度帶,北中緯24-44N,北,34,0.13
1963,1960,緯度帶,赤道-24N,北,12,0.14
1963,1960,緯度帶,24S-赤道,南,-12,0.10
1963,1960,緯度帶,南中緯24-44S,南,-34,-0.10
1963,1960,緯度帶,南高緯44-64S,南,-54,-0.17
1963,1960,緯度帶,南極區64-90S,南,-77,-0.03
1964,1960,全球,全球,全球,999,-0.20
1964,1960,半球,北半球,北,999,-0.19
1964,1960,半球,南半球,南,999,-0.20
1964,1960,寬帶,北緯24-90,北,999,-0.23
1964,1960,寬帶,南北緯24以內,赤道,999,-0.14
1964,1960,寬帶,南緯24-90,南,999,-0.24
1964,1960,緯度帶,北極區64-90N,北,77,-0.66
1964,1960,緯度帶,北高緯44-64N,北,54,-0.20
1964,1960,緯度帶,北中緯24-44N,北,34,-0.12
1964,1960,緯度帶,赤道-24N,北,12,-0.14
1964,1960,緯度帶,24S-赤道,南,-12,-0.14
1964,1960,緯度帶,南中緯24-44S,南,-34,-0.30
1964,1960,緯度帶,南高緯44-64S,南,-54,-0.07
1964,1960,緯度帶,南極區64-90S,南,-77,-0.37
1965,1960,全球,全球,全球,999,-0.11
1965,1960,半球,北半球,北,999,-0.14
1965,1960,半球,南半球,南,999,-0.07
1965,1960,寬帶,北緯24-90,北,999,-0.19
1965,1960,寬帶,南北緯24以內,赤道,999,-0.03
1965,1960,寬帶,南緯24-90,南,999,-0.13
1965,1960,緯度帶,北極區64-90N,北,77,-0.28
1965,1960,緯度帶,北高緯44-64N,北,54,-0.24
1965,1960,緯度帶,北中緯24-44N,北,34,-0.12
1965,1960,緯度帶,赤道-24N,北,12,-0.08
1965,1960,緯度帶,24S-赤道,南,-12,0.02
1965,1960,緯度帶,南中緯24-44S,南,-34,-0.23
1965,1960,緯度帶,南高緯44-64S,南,-54,-0.03
1965,1960,緯度帶,南極區64-90S,南,-77,0.00
1966,1960,全球,全球,全球,999,-0.06
1966,1960,半球,北半球,北,999,-0.02
1966,1960,半球,南半球,南,999,-0.09
1966,1960,寬帶,北緯24-90,北,999,-0.14
1966,1960,寬帶,南北緯24以內,赤道,999,0.08
1966,1960,寬帶,南緯24-90,南,999,-0.15
1966,1960,緯度帶,北極區64-90N,北,77,-0.76
1966,1960,緯度帶,北高緯44-64N,北,54,-0.19
1966,1960,緯度帶,北中緯24-44N,北,34,0.09
1966,1960,緯度帶,赤道-24N,北,12,0.16
1966,1960,緯度帶,24S-赤道,南,-12,-0.01
1966,1960,緯度帶,南中緯24-44S,南,-34,-0.23
1966,1960,緯度帶,南高緯44-64S,南,-54,-0.14
1966,1960,緯度帶,南極區64-90S,南,-77,0.12
1967,1960,全球,全球,全球,999,-0.02
1967,1960,半球,北半球,北,999,0.03
1967,1960,半球,南半球,南,999,-0.08
1967,1960,寬帶,北緯24-90,北,999,0.12
1967,1960,寬帶,南北緯24以內,赤道,999,-0.14
1967,1960,寬帶,南緯24-90,南,999,-0.01
1967,1960,緯度帶,北極區64-90N,北,77,0.36
1967,1960,緯度帶,北高緯44-64N,北,54,0.26
1967,1960,緯度帶,北中緯24-44N,北,34,-0.05
1967,1960,緯度帶,赤道-24N,北,12,-0.11
1967,1960,緯度帶,24S-赤道,南,-12,-0.17
1967,1960,緯度帶,南中緯24-44S,南,-34,-0.09
1967,1960,緯度帶,南高緯44-64S,南,-54,-0.02
1967,1960,緯度帶,南極區64-90S,南,-77,0.31
1968,1960,全球,全球,全球,999,-0.08
1968,1960,半球,北半球,北,999,-0.07
1968,1960,半球,南半球,南,999,-0.09
1968,1960,寬帶,北緯24-90,北,999,-0.11
1968,1960,寬帶,南北緯24以內,赤道,999,-0.06
1968,1960,寬帶,南緯24-90,南,999,-0.08
1968,1960,緯度帶,北極區64-90N,北,77,-0.33
1968,1960,緯度帶,北高緯44-64N,北,54,-0.02
1968,1960,緯度帶,北中緯24-44N,北,34,-0.09
1968,1960,緯度帶,赤道-24N,北,12,-0.02
1968,1960,緯度帶,24S-赤道,南,-12,-0.11
1968,1960,緯度帶,南中緯24-44S,南,-34,-0.14
1968,1960,緯度帶,南高緯44-64S,南,-54,0.00
1968,1960,緯度帶,南極區64-90S,南,-77,-0.07
1969,1960,全球,全球,全球,999,0.05
1969,1960,半球,北半球,北,999,-0.03
1969,1960,半球,南半球,南,999,0.14
1969,1960,寬帶,北緯24-90,北,999,-0.29
1969,1960,寬帶,南北緯24以內,赤道,999,0.33
1969,1960,寬帶,南緯24-90,南,999,0.02
1969,1960,緯度帶,北極區64-90N,北,77,-0.03
1969,1960,緯度帶,北高緯44-64N,北,54,-0.61
1969,1960,緯度帶,北中緯24-44N,北,34,-0.17
1969,1960,緯度帶,赤道-24N,北,12,0.35
1969,1960,緯度帶,24S-赤道,南,-12,0.32
1969,1960,緯度帶,南中緯24-44S,南,-34,0.00
1969,1960,緯度帶,南高緯44-64S,南,-54,0.13
1969,1960,緯度帶,南極區64-90S,南,-77,-0.16
1970,1970,全球,全球,全球,999,0.03
1970,1970,半球,北半球,北,999,-0.04
1970,1970,半球,南半球,南,999,0.09
1970,1970,寬帶,北緯24-90,北,999,-0.11
1970,1970,寬帶,南北緯24以內,赤道,999,0.07
1970,1970,寬帶,南緯24-90,南,999,0.12
1970,1970,緯度帶,北極區64-90N,北,77,-0.20
1970,1970,緯度帶,北高緯44-64N,北,54,-0.13
1970,1970,緯度帶,北中緯24-44N,北,34,-0.07
1970,1970,緯度帶,赤道-24N,北,12,0.07
1970,1970,緯度帶,24S-赤道,南,-12,0.07
1970,1970,緯度帶,南中緯24-44S,南,-34,0.11
1970,1970,緯度帶,南高緯44-64S,南,-54,0.03
1970,1970,緯度帶,南極區64-90S,南,-77,0.35
1971,1970,全球,全球,全球,999,-0.08
1971,1970,半球,北半球,北,999,-0.15
1971,1970,半球,南半球,南,999,-0.01
1971,1970,寬帶,北緯24-90,北,999,-0.06
1971,1970,寬帶,南北緯24以內,赤道,999,-0.26
1971,1970,寬帶,南緯24-90,南,999,0.13
1971,1970,緯度帶,北極區64-90N,北,77,-0.08
1971,1970,緯度帶,北高緯44-64N,北,54,0.01
1971,1970,緯度帶,北中緯24-44N,北,34,-0.10
1971,1970,緯度帶,赤道-24N,北,12,-0.30
1971,1970,緯度帶,24S-赤道,南,-12,-0.22
1971,1970,緯度帶,南中緯24-44S,南,-34,0.03
1971,1970,緯度帶,南高緯44-64S,南,-54,0.16
1971,1970,緯度帶,南極區64-90S,南,-77,0.48
1972,1970,全球,全球,全球,999,0.01
1972,1970,半球,北半球,北,999,-0.18
1972,1970,半球,南半球,南,999,0.20
1972,1970,寬帶,北緯24-90,北,999,-0.34
1972,1970,寬帶,南北緯24以內,赤道,999,0.17
1972,1970,寬帶,南緯24-90,南,999,0.15
1972,1970,緯度帶,北極區64-90N,北,77,-0.37
1972,1970,緯度帶,北高緯44-64N,北,54,-0.47
1972,1970,緯度帶,北中緯24-44N,北,34,-0.24
1972,1970,緯度帶,赤道-24N,北,12,0.06
1972,1970,緯度帶,24S-赤道,南,-12,0.27
1972,1970,緯度帶,南中緯24-44S,南,-34,0.16
1972,1970,緯度帶,南高緯44-64S,南,-54,-0.02
1972,1970,緯度帶,南極區64-90S,南,-77,0.48
1973,1970,全球,全球,全球,999,0.16
1973,1970,半球,北半球,北,999,0.09
1973,1970,半球,南半球,南,999,0.23
1973,1970,寬帶,北緯24-90,北,999,0.10
1973,1970,寬帶,南北緯24以內,赤道,999,0.19
1973,1970,寬帶,南緯24-90,南,999,0.18
1973,1970,緯度帶,北極區64-90N,北,77,0.06
1973,1970,緯度帶,北高緯44-64N,北,54,0.27
1973,1970,緯度帶,北中緯24-44N,北,34,0.01
1973,1970,緯度帶,赤道-24N,北,12,0.07
1973,1970,緯度帶,24S-赤道,南,-12,0.30
1973,1970,緯度帶,南中緯24-44S,南,-34,0.22
1973,1970,緯度帶,南高緯44-64S,南,-54,0.07
1973,1970,緯度帶,南極區64-90S,南,-77,0.35
1974,1970,全球,全球,全球,999,-0.07
1974,1970,半球,北半球,北,999,-0.18
1974,1970,半球,南半球,南,999,0.03
1974,1970,寬帶,北緯24-90,北,999,-0.14
1974,1970,寬帶,南北緯24以內,赤道,999,-0.20
1974,1970,寬帶,南緯24-90,南,999,0.18
1974,1970,緯度帶,北極區64-90N,北,77,-0.19
1974,1970,緯度帶,北高緯44-64N,北,54,-0.07
1974,1970,緯度帶,北中緯24-44N,北,34,-0.18
1974,1970,緯度帶,赤道-24N,北,12,-0.23
1974,1970,緯度帶,24S-赤道,南,-12,-0.17
1974,1970,緯度帶,南中緯24-44S,南,-34,0.21
1974,1970,緯度帶,南高緯44-64S,南,-54,-0.08
1974,1970,緯度帶,南極區64-90S,南,-77,0.65
1975,1970,全球,全球,全球,999,-0.01
1975,1970,半球,北半球,北,999,-0.06
1975,1970,半球,南半球,南,999,0.02
1975,1970,寬帶,北緯24-90,北,999,0.12
1975,1970,寬帶,南北緯24以內,赤道,999,-0.24
1975,1970,寬帶,南緯24-90,南,999,0.16
1975,1970,緯度帶,北極區64-90N,北,77,0.10
1975,1970,緯度帶,北高緯44-64N,北,54,0.39
1975,1970,緯度帶,北中緯24-44N,北,34,-0.05
1975,1970,緯度帶,赤道-24N,北,12,-0.31
1975,1970,緯度帶,24S-赤道,南,-12,-0.17
1975,1970,緯度帶,南中緯24-44S,南,-34,0.13
1975,1970,緯度帶,南高緯44-64S,南,-54,0.14
1975,1970,緯度帶,南極區64-90S,南,-77,0.31
1976,1970,全球,全球,全球,999,-0.10
1976,1970,半球,北半球,北,999,-0.21
1976,1970,半球,南半球,南,999,0.01
1976,1970,寬帶,北緯24-90,北,999,-0.26
1976,1970,寬帶,南北緯24以內,赤道,999,-0.12
1976,1970,寬帶,南緯24-90,南,999,0.09
1976,1970,緯度帶,北極區64-90N,北,77,-0.08
1976,1970,緯度帶,北高緯44-64N,北,54,-0.32
1976,1970,緯度帶,北中緯24-44N,北,34,-0.28
1976,1970,緯度帶,赤道-24N,北,12,-0.13
1976,1970,緯度帶,24S-赤道,南,-12,-0.10
1976,1970,緯度帶,南中緯24-44S,南,-34,0.10
1976,1970,緯度帶,南高緯44-64S,南,-54,0.22
1976,1970,緯度帶,南極區64-90S,南,-77,-0.22
1977,1970,全球,全球,全球,999,0.18
1977,1970,半球,北半球,北,999,0.12
1977,1970,半球,南半球,南,999,0.24
1977,1970,寬帶,北緯24-90,北,999,0.13
1977,1970,寬帶,南北緯24以內,赤道,999,0.15
1977,1970,寬帶,南緯24-90,南,999,0.25
1977,1970,緯度帶,北極區64-90N,北,77,0.16
1977,1970,緯度帶,北高緯44-64N,北,54,0.24
1977,1970,緯度帶,北中緯24-44N,北,34,0.06
1977,1970,緯度帶,赤道-24N,北,12,0.09
1977,1970,緯度帶,24S-赤道,南,-12,0.21
1977,1970,緯度帶,南中緯24-44S,南,-34,0.21
1977,1970,緯度帶,南高緯44-64S,南,-54,0.31
1977,1970,緯度帶,南極區64-90S,南,-77,0.28
1978,1970,全球,全球,全球,999,0.07
1978,1970,半球,北半球,北,999,0.02
1978,1970,半球,南半球,南,999,0.11
1978,1970,寬帶,北緯24-90,北,999,-0.03
1978,1970,寬帶,南北緯24以內,赤道,999,0.07
1978,1970,寬帶,南緯24-90,南,999,0.16
1978,1970,緯度帶,北極區64-90N,北,77,-0.16
1978,1970,緯度帶,北高緯44-64N,北,54,0.04
1978,1970,緯度帶,北中緯24-44N,北,34,-0.04
1978,1970,緯度帶,赤道-24N,北,12,0.10
1978,1970,緯度帶,24S-赤道,南,-12,0.05
1978,1970,緯度帶,南中緯24-44S,南,-34,0.21
1978,1970,緯度帶,南高緯44-64S,南,-54,0.13
1978,1970,緯度帶,南極區64-90S,南,-77,0.03
1979,1970,全球,全球,全球,999,0.16
1979,1970,半球,北半球,北,999,0.08
1979,1970,半球,南半球,南,999,0.25
1979,1970,寬帶,北緯24-90,北,999,-0.03
1979,1970,寬帶,南北緯24以內,赤道,999,0.26
1979,1970,寬帶,南緯24-90,南,999,0.23
1979,1970,緯度帶,北極區64-90N,北,77,-0.61
1979,1970,緯度帶,北高緯44-64N,北,54,0.07
1979,1970,緯度帶,北中緯24-44N,北,34,0.08
1979,1970,緯度帶,赤道-24N,北,12,0.25
1979,1970,緯度帶,24S-赤道,南,-12,0.27
1979,1970,緯度帶,南中緯24-44S,南,-34,0.29
1979,1970,緯度帶,南高緯44-64S,南,-54,0.33
1979,1970,緯度帶,南極區64-90S,南,-77,-0.21
1980,1980,全球,全球,全球,999,0.25
1980,1980,半球,北半球,北,999,0.17
1980,1980,半球,南半球,南,999,0.34
1980,1980,寬帶,北緯24-90,北,999,0.06
1980,1980,寬帶,南北緯24以內,赤道,999,0.30
1980,1980,寬帶,南緯24-90,南,999,0.39
1980,1980,緯度帶,北極區64-90N,北,77,0.26
1980,1980,緯度帶,北高緯44-64N,北,54,0.02
1980,1980,緯度帶,北中緯24-44N,北,34,0.02
1980,1980,緯度帶,赤道-24N,北,12,0.32
1980,1980,緯度帶,24S-赤道,南,-12,0.28
1980,1980,緯度帶,南中緯24-44S,南,-34,0.35
1980,1980,緯度帶,南高緯44-64S,南,-54,0.37
1980,1980,緯度帶,南極區64-90S,南,-77,0.56
1981,1980,全球,全球,全球,999,0.32
1981,1980,半球,北半球,北,999,0.37
1981,1980,半球,南半球,南,999,0.27
1981,1980,寬帶,北緯24-90,北,999,0.48
1981,1980,寬帶,南北緯24以內,赤道,999,0.18
1981,1980,寬帶,南緯24-90,南,999,0.36
1981,1980,緯度帶,北極區64-90N,北,77,1.09
1981,1980,緯度帶,北高緯44-64N,北,54,0.79
1981,1980,緯度帶,北中緯24-44N,北,34,0.08
1981,1980,緯度帶,赤道-24N,北,12,0.21
1981,1980,緯度帶,24S-赤道,南,-12,0.14
1981,1980,緯度帶,南中緯24-44S,南,-34,0.28
1981,1980,緯度帶,南高緯44-64S,南,-54,0.38
1981,1980,緯度帶,南極區64-90S,南,-77,0.62
1982,1980,全球,全球,全球,999,0.14
1982,1980,半球,北半球,北,999,0.05
1982,1980,半球,南半球,南,999,0.23
1982,1980,寬帶,北緯24-90,北,999,-0.08
1982,1980,寬帶,南北緯24以內,赤道,999,0.27
1982,1980,寬帶,南緯24-90,南,999,0.18
1982,1980,緯度帶,北極區64-90N,北,77,-0.40
1982,1980,緯度帶,北高緯44-64N,北,54,0.10
1982,1980,緯度帶,北中緯24-44N,北,34,-0.09
1982,1980,緯度帶,赤道-24N,北,12,0.24
1982,1980,緯度帶,24S-赤道,南,-12,0.29
1982,1980,緯度帶,南中緯24-44S,南,-34,0.18
1982,1980,緯度帶,南高緯44-64S,南,-54,0.32
1982,1980,緯度帶,南極區64-90S,南,-77,-0.11
1983,1980,全球,全球,全球,999,0.31
1983,1980,半球,北半球,北,999,0.24
1983,1980,半球,南半球,南,999,0.38
1983,1980,寬帶,北緯24-90,北,999,0.22
1983,1980,寬帶,南北緯24以內,赤道,999,0.43
1983,1980,寬帶,南緯24-90,南,999,0.25
1983,1980,緯度帶,北極區64-90N,北,77,0.18
1983,1980,緯度帶,北高緯44-64N,北,54,0.69
1983,1980,緯度帶,北中緯24-44N,北,34,-0.07
1983,1980,緯度帶,赤道-24N,北,12,0.28
1983,1980,緯度帶,24S-赤道,南,-12,0.57
1983,1980,緯度帶,南中緯24-44S,南,-34,0.21
1983,1980,緯度帶,南高緯44-64S,南,-54,0.41
1983,1980,緯度帶,南極區64-90S,南,-77,0.10
1984,1980,全球,全球,全球,999,0.15
1984,1980,半球,北半球,北,999,0.03
1984,1980,半球,南半球,南,999,0.27
1984,1980,寬帶,北緯24-90,北,999,0.01
1984,1980,寬帶,南北緯24以內,赤道,999,0.18
1984,1980,寬帶,南緯24-90,南,999,0.26
1984,1980,緯度帶,北極區64-90N,北,77,0.36
1984,1980,緯度帶,北高緯44-64N,北,54,0.08
1984,1980,緯度帶,北中緯24-44N,北,34,-0.14
1984,1980,緯度帶,赤道-24N,北,12,0.07
1984,1980,緯度帶,24S-赤道,南,-12,0.29
1984,1980,緯度帶,南中緯24-44S,南,-34,0.16
1984,1980,緯度帶,南高緯44-64S,南,-54,0.32
1984,1980,緯度帶,南極區64-90S,南,-77,0.54
1985,1980,全球,全球,全球,999,0.12
1985,1980,半球,北半球,北,999,0.00
1985,1980,半球,南半球,南,999,0.24
1985,1980,寬帶,北緯24-90,北,999,-0.03
1985,1980,寬帶,南北緯24以內,赤道,999,0.09
1985,1980,寬帶,南緯24-90,南,999,0.31
1985,1980,緯度帶,北極區64-90N,北,77,0.39
1985,1980,緯度帶,北高緯44-64N,北,54,-0.26
1985,1980,緯度帶,北中緯24-44N,北,34,-0.02
1985,1980,緯度帶,赤道-24N,北,12,0.04
1985,1980,緯度帶,24S-赤道,南,-12,0.13
1985,1980,緯度帶,南中緯24-44S,南,-34,0.30
1985,1980,緯度帶,南高緯44-64S,南,-54,0.44
1985,1980,緯度帶,南極區64-90S,南,-77,0.07
1986,1980,全球,全球,全球,999,0.18
1986,1980,半球,北半球,北,999,0.13
1986,1980,半球,南半球,南,999,0.23
1986,1980,寬帶,北緯24-90,北,999,0.10
1986,1980,寬帶,南北緯24以內,赤道,999,0.22
1986,1980,寬帶,南緯24-90,南,999,0.20
1986,1980,緯度帶,北極區64-90N,北,77,0.01
1986,1980,緯度帶,北高緯44-64N,北,54,0.28
1986,1980,緯度帶,北中緯24-44N,北,34,0.03
1986,1980,緯度帶,赤道-24N,北,12,0.17
1986,1980,緯度帶,24S-赤道,南,-12,0.27
1986,1980,緯度帶,南中緯24-44S,南,-34,0.25
1986,1980,緯度帶,南高緯44-64S,南,-54,0.25
1986,1980,緯度帶,南極區64-90S,南,-77,-0.09
1987,1980,全球,全球,全球,999,0.32
1987,1980,半球,北半球,北,999,0.24
1987,1980,半球,南半球,南,999,0.40
1987,1980,寬帶,北緯24-90,北,999,0.04
1987,1980,寬帶,南北緯24以內,赤道,999,0.58
1987,1980,寬帶,南緯24-90,南,999,0.25
1987,1980,緯度帶,北極區64-90N,北,77,-0.36
1987,1980,緯度帶,北高緯44-64N,北,54,0.13
1987,1980,緯度帶,北中緯24-44N,北,34,0.12
1987,1980,緯度帶,赤道-24N,北,12,0.55
1987,1980,緯度帶,24S-赤道,南,-12,0.62
1987,1980,緯度帶,南中緯24-44S,南,-34,0.32
1987,1980,緯度帶,南高緯44-64S,南,-54,0.25
1987,1980,緯度帶,南極區64-90S,南,-77,0.01
1988,1980,全球,全球,全球,999,0.39
1988,1980,半球,北半球,北,999,0.37
1988,1980,半球,南半球,南,999,0.41
1988,1980,寬帶,北緯24-90,北,999,0.40
1988,1980,寬帶,南北緯24以內,赤道,999,0.37
1988,1980,寬帶,南緯24-90,南,999,0.40
1988,1980,緯度帶,北極區64-90N,北,77,0.59
1988,1980,緯度帶,北高緯44-64N,北,54,0.57
1988,1980,緯度帶,北中緯24-44N,北,34,0.23
1988,1980,緯度帶,赤道-24N,北,12,0.32
1988,1980,緯度帶,24S-赤道,南,-12,0.42
1988,1980,緯度帶,南中緯24-44S,南,-34,0.38
1988,1980,緯度帶,南高緯44-64S,南,-54,0.20
1988,1980,緯度帶,南極區64-90S,南,-77,0.94
1989,1980,全球,全球,全球,999,0.27
1989,1980,半球,北半球,北,999,0.27
1989,1980,半球,南半球,南,999,0.27
1989,1980,寬帶,北緯24-90,北,999,0.40
1989,1980,寬帶,南北緯24以內,赤道,999,0.12
1989,1980,寬帶,南緯24-90,南,999,0.34
1989,1980,緯度帶,北極區64-90N,北,77,0.33
1989,1980,緯度帶,北高緯44-64N,北,54,0.69
1989,1980,緯度帶,北中緯24-44N,北,34,0.25
1989,1980,緯度帶,赤道-24N,北,12,0.06
1989,1980,緯度帶,24S-赤道,南,-12,0.18
1989,1980,緯度帶,南中緯24-44S,南,-34,0.36
1989,1980,緯度帶,南高緯44-64S,南,-54,0.30
1989,1980,緯度帶,南極區64-90S,南,-77,0.37
1990,1990,全球,全球,全球,999,0.45
1990,1990,半球,北半球,北,999,0.52
1990,1990,半球,南半球,南,999,0.37
1990,1990,寬帶,北緯24-90,北,999,0.63
1990,1990,寬帶,南北緯24以內,赤道,999,0.37
1990,1990,寬帶,南緯24-90,南,999,0.37
1990,1990,緯度帶,北極區64-90N,北,77,0.58
1990,1990,緯度帶,北高緯44-64N,北,54,0.88
1990,1990,緯度帶,北中緯24-44N,北,34,0.48
1990,1990,緯度帶,赤道-24N,北,12,0.37
1990,1990,緯度帶,24S-赤道,南,-12,0.36
1990,1990,緯度帶,南中緯24-44S,南,-34,0.38
1990,1990,緯度帶,南高緯44-64S,南,-54,0.37
1990,1990,緯度帶,南極區64-90S,南,-77,0.37
1991,1990,全球,全球,全球,999,0.41
1991,1990,半球,北半球,北,999,0.41
1991,1990,半球,南半球,南,999,0.40
1991,1990,寬帶,北緯24-90,北,999,0.47
1991,1990,寬帶,南北緯24以內,赤道,999,0.36
1991,1990,寬帶,南緯24-90,南,999,0.40
1991,1990,緯度帶,北極區64-90N,北,77,0.75
1991,1990,緯度帶,北高緯44-64N,北,54,0.66
1991,1990,緯度帶,北中緯24-44N,北,34,0.26
1991,1990,緯度帶,赤道-24N,北,12,0.32
1991,1990,緯度帶,24S-赤道,南,-12,0.40
1991,1990,緯度帶,南中緯24-44S,南,-34,0.31
1991,1990,緯度帶,南高緯44-64S,南,-54,0.29
1991,1990,緯度帶,南極區64-90S,南,-77,0.98
1992,1990,全球,全球,全球,999,0.22
1992,1990,半球,北半球,北,999,0.13
1992,1990,半球,南半球,南,999,0.31
1992,1990,寬帶,北緯24-90,北,999,0.09
1992,1990,寬帶,南北緯24以內,赤道,999,0.28
1992,1990,寬帶,南緯24-90,南,999,0.27
1992,1990,緯度帶,北極區64-90N,北,77,-0.17
1992,1990,緯度帶,北高緯44-64N,北,54,0.44
1992,1990,緯度帶,北中緯24-44N,北,34,-0.03
1992,1990,緯度帶,赤道-24N,北,12,0.20
1992,1990,緯度帶,24S-赤道,南,-12,0.37
1992,1990,緯度帶,南中緯24-44S,南,-34,0.20
1992,1990,緯度帶,南高緯44-64S,南,-54,0.33
1992,1990,緯度帶,南極區64-90S,南,-77,0.42
1993,1990,全球,全球,全球,999,0.23
1993,1990,半球,北半球,北,999,0.19
1993,1990,半球,南半球,南,999,0.28
1993,1990,寬帶,北緯24-90,北,999,0.13
1993,1990,寬帶,南北緯24以內,赤道,999,0.32
1993,1990,寬帶,南緯24-90,南,999,0.22
1993,1990,緯度帶,北極區64-90N,北,77,0.54
1993,1990,緯度帶,北高緯44-64N,北,54,0.30
1993,1990,緯度帶,北中緯24-44N,北,34,-0.11
1993,1990,緯度帶,赤道-24N,北,12,0.28
1993,1990,緯度帶,24S-赤道,南,-12,0.35
1993,1990,緯度帶,南中緯24-44S,南,-34,0.27
1993,1990,緯度帶,南高緯44-64S,南,-54,0.39
1993,1990,緯度帶,南極區64-90S,南,-77,-0.28
1994,1990,全球,全球,全球,999,0.31
1994,1990,半球,北半球,北,999,0.37
1994,1990,半球,南半球,南,999,0.26
1994,1990,寬帶,北緯24-90,北,999,0.43
1994,1990,寬帶,南北緯24以內,赤道,999,0.31
1994,1990,寬帶,南緯24-90,南,999,0.21
1994,1990,緯度帶,北極區64-90N,北,77,0.34
1994,1990,緯度帶,北高緯44-64N,北,54,0.50
1994,1990,緯度帶,北中緯24-44N,北,34,0.41
1994,1990,緯度帶,赤道-24N,北,12,0.28
1994,1990,緯度帶,24S-赤道,南,-12,0.34
1994,1990,緯度帶,南中緯24-44S,南,-34,0.27
1994,1990,緯度帶,南高緯44-64S,南,-54,0.23
1994,1990,緯度帶,南極區64-90S,南,-77,-0.02
1995,1990,全球,全球,全球,999,0.44
1995,1990,半球,北半球,北,999,0.58
1995,1990,半球,南半球,南,999,0.32
1995,1990,寬帶,北緯24-90,北,999,0.70
1995,1990,寬帶,南北緯24以內,赤道,999,0.42
1995,1990,寬帶,南緯24-90,南,999,0.22
1995,1990,緯度帶,北極區64-90N,北,77,1.31
1995,1990,緯度帶,北高緯44-64N,北,54,0.99
1995,1990,緯度帶,北中緯24-44N,北,34,0.32
1995,1990,緯度帶,赤道-24N,北,12,0.40
1995,1990,緯度帶,24S-赤道,南,-12,0.44
1995,1990,緯度帶,南中緯24-44S,南,-34,0.29
1995,1990,緯度帶,南高緯44-64S,南,-54,0.15
1995,1990,緯度帶,南極區64-90S,南,-77,0.16
1996,1990,全球,全球,全球,999,0.33
1996,1990,半球,北半球,北,999,0.26
1996,1990,半球,南半球,南,999,0.40
1996,1990,寬帶,北緯24-90,北,999,0.23
1996,1990,寬帶,南北緯24以內,赤道,999,0.31
1996,1990,寬帶,南緯24-90,南,999,0.46
1996,1990,緯度帶,北極區64-90N,北,77,0.76
1996,1990,緯度帶,北高緯44-64N,北,54,0.17
1996,1990,緯度帶,北中緯24-44N,北,34,0.10
1996,1990,緯度帶,赤道-24N,北,12,0.30
1996,1990,緯度帶,24S-赤道,南,-12,0.32
1996,1990,緯度帶,南中緯24-44S,南,-34,0.33
1996,1990,緯度帶,南高緯44-64S,南,-54,0.28
1996,1990,緯度帶,南極區64-90S,南,-77,1.31
1997,1990,全球,全球,全球,999,0.46
1997,1990,半球,北半球,北,999,0.52
1997,1990,半球,南半球,南,999,0.42
1997,1990,寬帶,北緯24-90,北,999,0.53
1997,1990,寬帶,南北緯24以內,赤道,999,0.51
1997,1990,寬帶,南緯24-90,南,999,0.34
1997,1990,緯度帶,北極區64-90N,北,77,0.76
1997,1990,緯度帶,北高緯44-64N,北,54,0.90
1997,1990,緯度帶,北中緯24-44N,北,34,0.22
1997,1990,緯度帶,赤道-24N,北,12,0.50
1997,1990,緯度帶,24S-赤道,南,-12,0.52
1997,1990,緯度帶,南中緯24-44S,南,-34,0.42
1997,1990,緯度帶,南高緯44-64S,南,-54,0.36
1997,1990,緯度帶,南極區64-90S,南,-77,0.03
1998,1990,全球,全球,全球,999,0.61
1998,1990,半球,北半球,北,999,0.70
1998,1990,半球,南半球,南,999,0.51
1998,1990,寬帶,北緯24-90,北,999,0.78
1998,1990,寬帶,南北緯24以內,赤道,999,0.69
1998,1990,寬帶,南緯24-90,南,999,0.32
1998,1990,緯度帶,北極區64-90N,北,77,0.86
1998,1990,緯度帶,北高緯44-64N,北,54,0.94
1998,1990,緯度帶,北中緯24-44N,北,34,0.65
1998,1990,緯度帶,赤道-24N,北,12,0.59
1998,1990,緯度帶,24S-赤道,南,-12,0.79
1998,1990,緯度帶,南中緯24-44S,南,-34,0.39
1998,1990,緯度帶,南高緯44-64S,南,-54,0.31
1998,1990,緯度帶,南極區64-90S,南,-77,0.14
1999,1990,全球,全球,全球,999,0.38
1999,1990,半球,北半球,北,999,0.48
1999,1990,半球,南半球,南,999,0.28
1999,1990,寬帶,北緯24-90,北,999,0.70
1999,1990,寬帶,南北緯24以內,赤道,999,0.20
1999,1990,寬帶,南緯24-90,南,999,0.30
1999,1990,緯度帶,北極區64-90N,北,77,0.40
1999,1990,緯度帶,北高緯44-64N,北,54,0.80
1999,1990,緯度帶,北中緯24-44N,北,34,0.74
1999,1990,緯度帶,赤道-24N,北,12,0.15
1999,1990,緯度帶,24S-赤道,南,-12,0.25
1999,1990,緯度帶,南中緯24-44S,南,-34,0.46
1999,1990,緯度帶,南高緯44-64S,南,-54,0.19
1999,1990,緯度帶,南極區64-90S,南,-77,0.02
2000,2000,全球,全球,全球,999,0.39
2000,2000,半球,北半球,北,999,0.50
2000,2000,半球,南半球,南,999,0.28
2000,2000,寬帶,北緯24-90,北,999,0.70
2000,2000,寬帶,南北緯24以內,赤道,999,0.24
2000,2000,寬帶,南緯24-90,南,999,0.29
2000,2000,緯度帶,北極區64-90N,北,77,0.97
2000,2000,緯度帶,北高緯44-64N,北,54,0.80
2000,2000,緯度帶,北中緯24-44N,北,34,0.55
2000,2000,緯度帶,赤道-24N,北,12,0.20
2000,2000,緯度帶,24S-赤道,南,-12,0.28
2000,2000,緯度帶,南中緯24-44S,南,-34,0.42
2000,2000,緯度帶,南高緯44-64S,南,-54,0.10
2000,2000,緯度帶,南極區64-90S,南,-77,0.28
2001,2000,全球,全球,全球,999,0.53
2001,2000,半球,北半球,北,999,0.64
2001,2000,半球,南半球,南,999,0.43
2001,2000,寬帶,北緯24-90,北,999,0.80
2001,2000,寬帶,南北緯24以內,赤道,999,0.42
2001,2000,寬帶,南緯24-90,南,999,0.42
2001,2000,緯度帶,北極區64-90N,北,77,1.06
2001,2000,緯度帶,北高緯44-64N,北,54,0.86
2001,2000,緯度帶,北中緯24-44N,北,34,0.68
2001,2000,緯度帶,赤道-24N,北,12,0.39
2001,2000,緯度帶,24S-赤道,南,-12,0.44
2001,2000,緯度帶,南中緯24-44S,南,-34,0.58
2001,2000,緯度帶,南高緯44-64S,南,-54,0.24
2001,2000,緯度帶,南極區64-90S,南,-77,0.24
2002,2000,全球,全球,全球,999,0.63
2002,2000,半球,北半球,北,999,0.71
2002,2000,半球,南半球,南,999,0.55
2002,2000,寬帶,北緯24-90,北,999,0.82
2002,2000,寬帶,南北緯24以內,赤道,999,0.59
2002,2000,寬帶,南緯24-90,南,999,0.48
2002,2000,緯度帶,北極區64-90N,北,77,1.25
2002,2000,緯度帶,北高緯44-64N,北,54,1.00
2002,2000,緯度帶,北中緯24-44N,北,34,0.58
2002,2000,緯度帶,赤道-24N,北,12,0.54
2002,2000,緯度帶,24S-赤道,南,-12,0.64
2002,2000,緯度帶,南中緯24-44S,南,-34,0.50
2002,2000,緯度帶,南高緯44-64S,南,-54,0.31
2002,2000,緯度帶,南極區64-90S,南,-77,0.79
2003,2000,全球,全球,全球,999,0.61
2003,2000,半球,北半球,北,999,0.74
2003,2000,半球,南半球,南,999,0.49
2003,2000,寬帶,北緯24-90,北,999,0.84
2003,2000,寬帶,南北緯24以內,赤道,999,0.64
2003,2000,寬帶,南緯24-90,南,999,0.36
2003,2000,緯度帶,北極區64-90N,北,77,1.50
2003,2000,緯度帶,北高緯44-64N,北,54,0.98
2003,2000,緯度帶,北中緯24-44N,北,34,0.53
2003,2000,緯度帶,赤道-24N,北,12,0.61
2003,2000,緯度帶,24S-赤道,南,-12,0.67
2003,2000,緯度帶,南中緯24-44S,南,-34,0.44
2003,2000,緯度帶,南高緯44-64S,南,-54,0.24
2003,2000,緯度帶,南極區64-90S,南,-77,0.36
2004,2000,全球,全球,全球,999,0.53
2004,2000,半球,北半球,北,999,0.66
2004,2000,半球,南半球,南,999,0.41
2004,2000,寬帶,北緯24-90,北,999,0.72
2004,2000,寬帶,南北緯24以內,赤道,999,0.55
2004,2000,寬帶,南緯24-90,南,999,0.32
2004,2000,緯度帶,北極區64-90N,北,77,0.46
2004,2000,緯度帶,北高緯44-64N,北,54,0.95
2004,2000,緯度帶,北中緯24-44N,北,34,0.66
2004,2000,緯度帶,赤道-24N,北,12,0.56
2004,2000,緯度帶,24S-赤道,南,-12,0.54
2004,2000,緯度帶,南中緯24-44S,南,-34,0.48
2004,2000,緯度帶,南高緯44-64S,南,-54,0.23
2004,2000,緯度帶,南極區64-90S,南,-77,-0.05
2005,2000,全球,全球,全球,999,0.68
2005,2000,半球,北半球,北,999,0.85
2005,2000,半球,南半球,南,999,0.50
2005,2000,寬帶,北緯24-90,北,999,1.01
2005,2000,寬帶,南北緯24以內,赤道,999,0.62
2005,2000,寬帶,南緯24-90,南,999,0.42
2005,2000,緯度帶,北極區64-90N,北,77,1.99
2005,2000,緯度帶,北高緯44-64N,北,54,1.22
2005,2000,緯度帶,北中緯24-44N,北,34,0.56
2005,2000,緯度帶,赤道-24N,北,12,0.62
2005,2000,緯度帶,24S-赤道,南,-12,0.62
2005,2000,緯度帶,南中緯24-44S,南,-34,0.49
2005,2000,緯度帶,南高緯44-64S,南,-54,0.18
2005,2000,緯度帶,南極區64-90S,南,-77,0.69
2006,2000,全球,全球,全球,999,0.64
2006,2000,半球,北半球,北,999,0.82
2006,2000,半球,南半球,南,999,0.46
2006,2000,寬帶,北緯24-90,北,999,0.99
2006,2000,寬帶,南北緯24以內,赤道,999,0.55
2006,2000,寬帶,南緯24-90,南,999,0.40
2006,2000,緯度帶,北極區64-90N,北,77,1.76
2006,2000,緯度帶,北高緯44-64N,北,54,1.06
2006,2000,緯度帶,北中緯24-44N,北,34,0.69
2006,2000,緯度帶,赤道-24N,北,12,0.56
2006,2000,緯度帶,24S-赤道,南,-12,0.55
2006,2000,緯度帶,南中緯24-44S,南,-34,0.51
2006,2000,緯度帶,南高緯44-64S,南,-54,0.19
2006,2000,緯度帶,南極區64-90S,南,-77,0.46
2007,2000,全球,全球,全球,999,0.66
2007,2000,半球,北半球,北,999,0.85
2007,2000,半球,南半球,南,999,0.48
2007,2000,寬帶,北緯24-90,北,999,1.12
2007,2000,寬帶,南北緯24以內,赤道,999,0.46
2007,2000,寬帶,南緯24-90,南,999,0.48
2007,2000,緯度帶,北極區64-90N,北,77,2.09
2007,2000,緯度帶,北高緯44-64N,北,54,1.32
2007,2000,緯度帶,北中緯24-44N,北,34,0.69
2007,2000,緯度帶,赤道-24N,北,12,0.44
2007,2000,緯度帶,24S-赤道,南,-12,0.48
2007,2000,緯度帶,南中緯24-44S,南,-34,0.50
2007,2000,緯度帶,南高緯44-64S,南,-54,0.07
2007,2000,緯度帶,南極區64-90S,南,-77,1.28
2008,2000,全球,全球,全球,999,0.54
2008,2000,半球,北半球,北,999,0.68
2008,2000,半球,南半球,南,999,0.41
2008,2000,寬帶,北緯24-90,北,999,0.91
2008,2000,寬帶,南北緯24以內,赤道,999,0.37
2008,2000,寬帶,南緯24-90,南,999,0.40
2008,2000,緯度帶,北極區64-90N,北,77,1.53
2008,2000,緯度帶,北高緯44-64N,北,54,1.07
2008,2000,緯度帶,北中緯24-44N,北,34,0.61
2008,2000,緯度帶,赤道-24N,北,12,0.33
2008,2000,緯度帶,24S-赤道,南,-12,0.42
2008,2000,緯度帶,南中緯24-44S,南,-34,0.53
2008,2000,緯度帶,南高緯44-64S,南,-54,0.08
2008,2000,緯度帶,南極區64-90S,南,-77,0.63
2009,2000,全球,全球,全球,999,0.66
2009,2000,半球,北半球,北,999,0.72
2009,2000,半球,南半球,南,999,0.59
2009,2000,寬帶,北緯24-90,北,999,0.78
2009,2000,寬帶,南北緯24以內,赤道,999,0.67
2009,2000,寬帶,南緯24-90,南,999,0.51
2009,2000,緯度帶,北極區64-90N,北,77,1.42
2009,2000,緯度帶,北高緯44-64N,北,54,0.60
2009,2000,緯度帶,北中緯24-44N,北,34,0.68
2009,2000,緯度帶,赤道-24N,北,12,0.64
2009,2000,緯度帶,24S-赤道,南,-12,0.70
2009,2000,緯度帶,南中緯24-44S,南,-34,0.60
2009,2000,緯度帶,南高緯44-64S,南,-54,0.14
2009,2000,緯度帶,南極區64-90S,南,-77,0.99
2010,2010,全球,全球,全球,999,0.72
2010,2010,半球,北半球,北,999,0.90
2010,2010,半球,南半球,南,999,0.55
2010,2010,寬帶,北緯24-90,北,999,1.03
2010,2010,寬帶,南北緯24以內,赤道,999,0.68
2010,2010,寬帶,南緯24-90,南,999,0.48
2010,2010,緯度帶,北極區64-90N,北,77,2.24
2010,2010,緯度帶,北高緯44-64N,北,54,0.87
2010,2010,緯度帶,北中緯24-44N,北,34,0.73
2010,2010,緯度帶,赤道-24N,北,12,0.71
2010,2010,緯度帶,24S-赤道,南,-12,0.65
2010,2010,緯度帶,南中緯24-44S,南,-34,0.63
2010,2010,緯度帶,南高緯44-64S,南,-54,0.20
2010,2010,緯度帶,南極區64-90S,南,-77,0.53
2011,2010,全球,全球,全球,999,0.61
2011,2010,半球,北半球,北,999,0.74
2011,2010,半球,南半球,南,999,0.47
2011,2010,寬帶,北緯24-90,北,999,0.98
2011,2010,寬帶,南北緯24以內,赤道,999,0.36
2011,2010,寬帶,南緯24-90,南,999,0.56
2011,2010,緯度帶,北極區64-90N,北,77,2.32
2011,2010,緯度帶,北高緯44-64N,北,54,0.94
2011,2010,緯度帶,北中緯24-44N,北,34,0.57
2011,2010,緯度帶,赤道-24N,北,12,0.38
2011,2010,緯度帶,24S-赤道,南,-12,0.35
2011,2010,緯度帶,南中緯24-44S,南,-34,0.64
2011,2010,緯度帶,南高緯44-64S,南,-54,0.19
2011,2010,緯度帶,南極區64-90S,南,-77,1.08
2012,2010,全球,全球,全球,999,0.65
2012,2010,半球,北半球,北,999,0.80
2012,2010,半球,南半球,南,999,0.49
2012,2010,寬帶,北緯24-90,北,999,1.03
2012,2010,寬帶,南北緯24以內,赤道,999,0.52
2012,2010,寬帶,南緯24-90,南,999,0.43
2012,2010,緯度帶,北極區64-90N,北,77,2.13
2012,2010,緯度帶,北高緯44-64N,北,54,0.93
2012,2010,緯度帶,北中緯24-44N,北,34,0.73
2012,2010,緯度帶,赤道-24N,北,12,0.47
2012,2010,緯度帶,24S-赤道,南,-12,0.57
2012,2010,緯度帶,南中緯24-44S,南,-34,0.56
2012,2010,緯度帶,南高緯44-64S,南,-54,0.20
2012,2010,緯度帶,南極區64-90S,南,-77,0.46
2013,2010,全球,全球,全球,999,0.68
2013,2010,半球,北半球,北,999,0.80
2013,2010,半球,南半球,南,999,0.55
2013,2010,寬帶,北緯24-90,北,999,0.94
2013,2010,寬帶,南北緯24以內,赤道,999,0.58
2013,2010,寬帶,南緯24-90,南,999,0.54
2013,2010,緯度帶,北極區64-90N,北,77,1.54
2013,2010,緯度帶,北高緯44-64N,北,54,1.04
2013,2010,緯度帶,北中緯24-44N,北,34,0.69
2013,2010,緯度帶,赤道-24N,北,12,0.58
2013,2010,緯度帶,24S-赤道,南,-12,0.58
2013,2010,緯度帶,南中緯24-44S,南,-34,0.63
2013,2010,緯度帶,南高緯44-64S,南,-54,0.23
2013,2010,緯度帶,南極區64-90S,南,-77,0.86
2014,2010,全球,全球,全球,999,0.75
2014,2010,半球,北半球,北,999,0.92
2014,2010,半球,南半球,南,999,0.58
2014,2010,寬帶,北緯24-90,北,999,1.08
2014,2010,寬帶,南北緯24以內,赤道,999,0.67
2014,2010,寬帶,南緯24-90,南,999,0.53
2014,2010,緯度帶,北極區64-90N,北,77,2.06
2014,2010,緯度帶,北高緯44-64N,北,54,1.14
2014,2010,緯度帶,北中緯24-44N,北,34,0.73
2014,2010,緯度帶,赤道-24N,北,12,0.69
2014,2010,緯度帶,24S-赤道,南,-12,0.65
2014,2010,緯度帶,南中緯24-44S,南,-34,0.72
2014,2010,緯度帶,南高緯44-64S,南,-54,0.19
2014,2010,緯度帶,南極區64-90S,南,-77,0.56
2015,2010,全球,全球,全球,999,0.90
2015,2010,半球,北半球,北,999,1.18
2015,2010,半球,南半球,南,999,0.63
2015,2010,寬帶,北緯24-90,北,999,1.31
2015,2010,寬帶,南北緯24以內,赤道,999,0.95
2015,2010,寬帶,南緯24-90,南,999,0.40
2015,2010,緯度帶,北極區64-90N,北,77,2.02
2015,2010,緯度帶,北高緯44-64N,北,54,1.48
2015,2010,緯度帶,北中緯24-44N,北,34,0.99
2015,2010,緯度帶,赤道-24N,北,12,0.97
2015,2010,緯度帶,24S-赤道,南,-12,0.94
2015,2010,緯度帶,南中緯24-44S,南,-34,0.75
2015,2010,緯度帶,南高緯44-64S,南,-54,0.20
2015,2010,緯度帶,南極區64-90S,南,-77,-0.35
2016,2010,全球,全球,全球,999,1.01
2016,2010,半球,北半球,北,999,1.30
2016,2010,半球,南半球,南,999,0.73
2016,2010,寬帶,北緯24-90,北,999,1.54
2016,2010,寬帶,南北緯24以內,赤道,999,1.00
2016,2010,寬帶,南緯24-90,南,999,0.49
2016,2010,緯度帶,北極區64-90N,北,77,3.26
2016,2010,緯度帶,北高緯44-64N,北,54,1.43
2016,2010,緯度帶,北中緯24-44N,北,34,1.06
2016,2010,緯度帶,赤道-24N,北,12,0.95
2016,2010,緯度帶,24S-赤道,南,-12,1.06
2016,2010,緯度帶,南中緯24-44S,南,-34,0.67
2016,2010,緯度帶,南高緯44-64S,南,-54,0.28
2016,2010,緯度帶,南極區64-90S,南,-77,0.37
2017,2010,全球,全球,全球,999,0.91
2017,2010,半球,北半球,北,999,1.17
2017,2010,半球,南半球,南,999,0.66
2017,2010,寬帶,北緯24-90,北,999,1.38
2017,2010,寬帶,南北緯24以內,赤道,999,0.80
2017,2010,寬帶,南緯24-90,南,999,0.60
2017,2010,緯度帶,北極區64-90N,北,77,2.51
2017,2010,緯度帶,北高緯44-64N,北,54,1.38
2017,2010,緯度帶,北中緯24-44N,北,34,1.02
2017,2010,緯度帶,赤道-24N,北,12,0.85
2017,2010,緯度帶,24S-赤道,南,-12,0.75
2017,2010,緯度帶,南中緯24-44S,南,-34,0.76
2017,2010,緯度帶,南高緯44-64S,南,-54,0.38
2017,2010,緯度帶,南極區64-90S,南,-77,0.52
2018,2010,全球,全球,全球,999,0.85
2018,2010,半球,北半球,北,999,1.04
2018,2010,半球,南半球,南,999,0.66
2018,2010,寬帶,北緯24-90,北,999,1.25
2018,2010,寬帶,南北緯24以內,赤道,999,0.67
2018,2010,寬帶,南緯24-90,南,999,0.69
2018,2010,緯度帶,北極區64-90N,北,77,2.17
2018,2010,緯度帶,北高緯44-64N,北,54,1.09
2018,2010,緯度帶,北中緯24-44N,北,34,1.05
2018,2010,緯度帶,赤道-24N,北,12,0.73
2018,2010,緯度帶,24S-赤道,南,-12,0.62
2018,2010,緯度帶,南中緯24-44S,南,-34,0.79
2018,2010,緯度帶,南高緯44-64S,南,-54,0.41
2018,2010,緯度帶,南極區64-90S,南,-77,0.92
2019,2010,全球,全球,全球,999,0.98
2019,2010,半球,北半球,北,999,1.21
2019,2010,半球,南半球,南,999,0.75
2019,2010,寬帶,北緯24-90,北,999,1.42
2019,2010,寬帶,南北緯24以內,赤道,999,0.89
2019,2010,寬帶,南緯24-90,南,999,0.64
2019,2010,緯度帶,北極區64-90N,北,77,2.77
2019,2010,緯度帶,北高緯44-64N,北,54,1.43
2019,2010,緯度帶,北中緯24-44N,北,34,0.99
2019,2010,緯度帶,赤道-24N,北,12,0.90
2019,2010,緯度帶,24S-赤道,南,-12,0.89
2019,2010,緯度帶,南中緯24-44S,南,-34,0.74
2019,2010,緯度帶,南高緯44-64S,南,-54,0.41
2019,2010,緯度帶,南極區64-90S,南,-77,0.82
2020,2020,全球,全球,全球,999,1.01
2020,2020,半球,北半球,北,999,1.34
2020,2020,半球,南半球,南,999,0.67
2020,2020,寬帶,北緯24-90,北,999,1.66
2020,2020,寬帶,南北緯24以內,赤道,999,0.84
2020,2020,寬帶,南緯24-90,南,999,0.57
2020,2020,緯度帶,北極區64-90N,北,77,2.86
2020,2020,緯度帶,北高緯44-64N,北,54,1.81
2020,2020,緯度帶,北中緯24-44N,北,34,1.18
2020,2020,緯度帶,赤道-24N,北,12,0.87
2020,2020,緯度帶,24S-赤道,南,-12,0.82
2020,2020,緯度帶,南中緯24-44S,南,-34,0.59
2020,2020,緯度帶,南高緯44-64S,南,-54,0.40
2020,2020,緯度帶,南極區64-90S,南,-77,0.85
2021,2020,全球,全球,全球,999,0.85
2021,2020,半球,北半球,北,999,1.14
2021,2020,半球,南半球,南,999,0.55
2021,2020,寬帶,北緯24-90,北,999,1.43
2021,2020,寬帶,南北緯24以內,赤道,999,0.65
2021,2020,寬帶,南緯24-90,南,999,0.53
2021,2020,緯度帶,北極區64-90N,北,77,2.08
2021,2020,緯度帶,北高緯44-64N,北,54,1.36
2021,2020,緯度帶,北中緯24-44N,北,34,1.26
2021,2020,緯度帶,赤道-24N,北,12,0.71
2021,2020,緯度帶,24S-赤道,南,-12,0.58
2021,2020,緯度帶,南中緯24-44S,南,-34,0.73
2021,2020,緯度帶,南高緯44-64S,南,-54,0.33
2021,2020,緯度帶,南極區64-90S,南,-77,0.30
2022,2020,全球,全球,全球,999,0.89
2022,2020,半球,北半球,北,999,1.15
2022,2020,半球,南半球,南,999,0.62
2022,2020,寬帶,北緯24-90,北,999,1.52
2022,2020,寬帶,南北緯24以內,赤道,999,0.56
2022,2020,寬帶,南緯24-90,南,999,0.70
2022,2020,緯度帶,北極區64-90N,北,77,2.36
2022,2020,緯度帶,北高緯44-64N,北,54,1.50
2022,2020,緯度帶,北中緯24-44N,北,34,1.26
2022,2020,緯度帶,赤道-24N,北,12,0.62
2022,2020,緯度帶,24S-赤道,南,-12,0.50
2022,2020,緯度帶,南中緯24-44S,南,-34,0.79
2022,2020,緯度帶,南高緯44-64S,南,-54,0.41
2022,2020,緯度帶,南極區64-90S,南,-77,1.06
2023,2020,全球,全球,全球,999,1.17
2023,2020,半球,北半球,北,999,1.49
2023,2020,半球,南半球,南,999,0.85
2023,2020,寬帶,北緯24-90,北,999,1.77
2023,2020,寬帶,南北緯24以內,赤道,999,1.06
2023,2020,寬帶,南緯24-90,南,999,0.71
2023,2020,緯度帶,北極區64-90N,北,77,2.57
2023,2020,緯度帶,北高緯44-64N,北,54,1.86
2023,2020,緯度帶,北中緯24-44N,北,34,1.46
2023,2020,緯度帶,赤道-24N,北,12,1.07
2023,2020,緯度帶,24S-赤道,南,-12,1.04
2023,2020,緯度帶,南中緯24-44S,南,-34,0.90
2023,2020,緯度帶,南高緯44-64S,南,-54,0.46
2023,2020,緯度帶,南極區64-90S,南,-77,0.60
2024,2020,全球,全球,全球,999,1.28
2024,2020,半球,北半球,北,999,1.65
2024,2020,半球,南半球,南,999,0.92
2024,2020,寬帶,北緯24-90,北,999,1.95
2024,2020,寬帶,南北緯24以內,赤道,999,1.19
2024,2020,寬帶,南緯24-90,南,999,0.75
2024,2020,緯度帶,北極區64-90N,北,77,2.91
2024,2020,緯度帶,北高緯44-64N,北,54,1.96
2024,2020,緯度帶,北中緯24-44N,北,34,1.64
2024,2020,緯度帶,赤道-24N,北,12,1.21
2024,2020,緯度帶,24S-赤道,南,-12,1.16
2024,2020,緯度帶,南中緯24-44S,南,-34,0.88
2024,2020,緯度帶,南高緯44-64S,南,-54,0.54
2024,2020,緯度帶,南極區64-90S,南,-77,0.72
2025,2020,全球,全球,全球,999,1.19
2025,2020,半球,北半球,北,999,1.48
2025,2020,半球,南半球,南,999,0.89
2025,2020,寬帶,北緯24-90,北,999,1.91
2025,2020,寬帶,南北緯24以內,赤道,999,0.85
2025,2020,寬帶,南緯24-90,南,999,0.92
2025,2020,緯度帶,北極區64-90N,北,77,2.98
2025,2020,緯度帶,北高緯44-64N,北,54,1.99
2025,2020,緯度帶,北中緯24-44N,北,34,1.53
2025,2020,緯度帶,赤道-24N,北,12,0.85
2025,2020,緯度帶,24S-赤道,南,-12,0.85
2025,2020,緯度帶,南中緯24-44S,南,-34,0.97
2025,2020,緯度帶,南高緯44-64S,南,-54,0.55
2025,2020,緯度帶,南極區64-90S,南,-77,1.56
